City,Mode,Output,Variable,Pearson_r,Spearman_r,SRC,PRCC,abs_Pearson_r,abs_Spearman_r,abs_SRC,abs_PRCC
Atlanta,Gas Truck,Total Cost,Stations,0.8611506960671361,0.8376691680473248,0.8603932054619349,0.1271232051305524,0.8611506960671361,0.8376691680473248,0.8603932054619349,0.1271232051305524
Atlanta,Gas Truck,Total Cost,Utilization,-0.8294988642770863,-0.8371449316274493,0.0064458772540103015,0.007582882625610538,0.8294988642770863,0.8371449316274493,0.0064458772540103015,0.007582882625610538
Atlanta,Gas Truck,Total Cost,Electricity Cost,0.3716905484351341,0.39424797523847976,0.3650785768108223,0.8814247467004518,0.3716905484351341,0.39424797523847976,0.3650785768108223,0.8814247467004518
Atlanta,Gas Truck,Total Cost,Station Capital Cost,0.3129787208394657,0.3032818089808181,0.2930211282489659,0.8056842269074889,0.3129787208394657,0.3032818089808181,0.2930211282489659,0.8056842269074889
Atlanta,Gas Truck,Total Cost,Fuel Price,0.10782127909238402,0.11057697610976976,0.10762268248828119,0.47386504291235926,0.10782127909238402,0.11057697610976976,0.10762268248828119,0.47386504291235926
Atlanta,Gas Truck,Total Cost,Compression Efficiency,-0.07660563868747468,-0.0773394190973942,-0.08307204103509706,-0.38035055291173236,0.07660563868747468,0.0773394190973942,0.08307204103509706,0.38035055291173236
Atlanta,Gas Truck,Total Cost,Fuel Economy,-0.07447122173372914,-0.07449522386495223,-0.05433730142654655,-0.2675173907366212,0.07447122173372914,0.07449522386495223,0.05433730142654655,0.2675173907366212
Atlanta,Gas Truck,Total Cost,Cab Cost,0.06834289025544911,0.06844310886043109,0.06157749402739345,0.3002323067898075,0.06834289025544911,0.06844310886043109,0.06157749402739345,0.3002323067898075
Atlanta,Gas Truck,Total Cost,Transmission Leakage Rate,0.02568357429603236,0.025174247267742474,0.031009188453203704,0.1508412262753945,0.02568357429603236,0.025174247267742474,0.031009188453203704,0.1508412262753945
Atlanta,Gas Truck,Total Cost,Electricity Carbon Intensity,0.02086850838598125,0.021018801378188012,0.0005002233550125682,0.011745638414820115,0.02086850838598125,0.021018801378188012,0.0005002233550125682,0.011745638414820115
Atlanta,Gas Truck,Total Cost,Pipeline Capital Cost,0.01712403794596259,0.01797458397574584,-0.0007455830804759952,0.0019911650802791826,0.01712403794596259,0.01797458397574584,0.0007455830804759952,0.0019911650802791826
Atlanta,Gas Truck,Total Cost,Liquefaction Efficiency,-0.012980604535867055,-0.009858573794585738,-0.0007422277631442196,0.005504108159619372,0.012980604535867055,0.009858573794585738,0.0007422277631442196,0.005504108159619372
Atlanta,Gas Truck,Total Cost,Liquefaction Capital Cost,-0.010600962726364786,-0.015296312372963123,-0.0011075438633151818,-0.003371497376008709,0.010600962726364786,0.015296312372963123,0.0011075438633151818,0.003371497376008709
Atlanta,Gas Truck,Total Cost,Compression Capital Cost,0.008192701570898785,0.009390737301907374,0.009703105204233791,0.05845921321538262,0.008192701570898785,0.009390737301907374,0.009703105204233791,0.05845921321538262
Atlanta,Gas Truck,Total Cost,Distribution Leakage Rate,0.004404972112467333,0.0036844097231978007,0.0020216033454399174,0.013279054136630962,0.004404972112467333,0.0036844097231978007,0.0020216033454399174,0.013279054136630962
Atlanta,Gas Truck,Total Cost,Station Leakage Rate,0.0042809137231759765,0.008379548531946317,0.010653749260349775,0.06568387680990512,0.0042809137231759765,0.008379548531946317,0.010653749260349775,0.06568387680990512
Atlanta,Gas Truck,Total Cost,Hydrogen Fuel Carbon Intensity,-0.004040911306603498,-0.0017736386577363865,0.001982544206839064,0.012530857663178014,0.004040911306603498,0.0017736386577363865,0.001982544206839064,0.012530857663178014
Atlanta,Gas Truck,Total Cost,Transmission Length,,,-4.371503159461554e-16,,,,4.371503159461554e-16,
Atlanta,Gas Truck,Total GHG Cost,Electricity Carbon Intensity,0.9965692804985175,0.9966533503385335,0.9968390976789067,0.9998902681074014,0.9965692804985175,0.9966533503385335,0.9968390976789067,0.9998902681074014
Atlanta,Gas Truck,Total GHG Cost,Hydrogen Fuel Carbon Intensity,0.07427375049608805,0.07232983220729833,0.07830855136845336,0.9818913457935612,0.07427375049608805,0.07232983220729833,0.07830855136845336,0.9818913457935612
Atlanta,Gas Truck,Total GHG Cost,Fuel Economy,-0.027592082889473724,-0.026945885669458856,-0.025236262672750333,-0.8556651360833053,0.027592082889473724,0.026945885669458856,0.025236262672750333,0.8556651360833053
Atlanta,Gas Truck,Total GHG Cost,Stations,0.020884399803238005,0.01963538438316556,-0.00023898306811117576,0.030536499005208644,0.020884399803238005,0.01963538438316556,0.00023898306811117576,0.030536499005208644
Atlanta,Gas Truck,Total GHG Cost,Utilization,-0.019269035351362818,-0.019496838602968386,-0.000227849334630709,0.03024575594321473,0.019269035351362818,0.019496838602968386,0.000227849334630709,0.03024575594321473
Atlanta,Gas Truck,Total GHG Cost,Station Leakage Rate,-0.01822825072587011,-0.018133114561657542,3.639667948001105e-07,-0.0008168470116290997,0.01822825072587011,0.018133114561657542,3.639667948001105e-07,0.0008168470116290997
Atlanta,Gas Truck,Total GHG Cost,Compression Efficiency,-0.016341655326579243,-0.016496161124961613,5.3417720904456214e-05,-0.014313741947510254,0.016341655326579243,0.016496161124961613,5.3417720904456214e-05,0.014313741947510254
Atlanta,Gas Truck,Total GHG Cost,Cab Cost,0.012146302040283849,0.012043707432437075,-0.00012470103766304644,-0.02149890633449074,0.012146302040283849,0.012043707432437075,0.00012470103766304644,0.02149890633449074
Atlanta,Gas Truck,Total GHG Cost,Fuel Price,0.009872186367485769,0.009851115854511159,0.00017431864125519274,0.013463152822983673,0.009872186367485769,0.009851115854511159,0.00017431864125519274,0.013463152822983673
Atlanta,Gas Truck,Total GHG Cost,Liquefaction Efficiency,0.008735788524043775,0.008824247404242475,-0.00017335438054503601,-0.011881713936126992,0.008735788524043775,0.008824247404242475,0.00017335438054503601,0.011881713936126992
Atlanta,Gas Truck,Total GHG Cost,Distribution Leakage Rate,0.007622563830876494,0.007311996529821917,-6.812390049746941e-05,-0.018341731451873473,0.007622563830876494,0.007311996529821917,6.812390049746941e-05,0.018341731451873473
Atlanta,Gas Truck,Total GHG Cost,Compression Capital Cost,-0.00328955706521267,-0.0032480085444800853,-5.665826904305334e-05,-0.009043008132609432,0.00328955706521267,0.0032480085444800853,5.665826904305334e-05,0.009043008132609432
Atlanta,Gas Truck,Total GHG Cost,Station Capital Cost,-0.0026124899376284857,-0.00252729102127291,6.625329250474211e-05,0.010687162128173496,0.0026124899376284857,0.00252729102127291,6.625329250474211e-05,0.010687162128173496
Atlanta,Gas Truck,Total GHG Cost,Liquefaction Capital Cost,0.002502281958877793,0.002549040589490406,-7.935819979870106e-05,-0.011612081278345326,0.002502281958877793,0.002549040589490406,7.935819979870106e-05,0.011612081278345326
Atlanta,Gas Truck,Total GHG Cost,Transmission Leakage Rate,0.0021701257162600883,0.002092057364920574,0.0001174305487265824,0.00916820409718361,0.0021701257162600883,0.002092057364920574,0.0001174305487265824,0.00916820409718361
Atlanta,Gas Truck,Total GHG Cost,Pipeline Capital Cost,0.0005853448479565026,0.0008634484526344845,5.243422191835078e-06,0.004626736672368133,0.0005853448479565026,0.0008634484526344845,5.243422191835078e-06,0.004626736672368133
Atlanta,Gas Truck,Total GHG Cost,Electricity Cost,0.0004292116189408167,0.0002319145103191451,3.931501259490636e-05,0.0013309920412885468,0.0004292116189408167,0.0002319145103191451,3.931501259490636e-05,0.0013309920412885468
Atlanta,Gas Truck,Total GHG Cost,Transmission Length,,,-5.551115123125783e-17,,,,5.551115123125783e-17,
Atlanta,Liquid Truck,Total Cost,Electricity Cost,0.754553193044533,0.7659334830513348,0.7515593715906966,0.9610441642991401,0.754553193044533,0.7659334830513348,0.7515593715906966,0.9610441642991401
Atlanta,Liquid Truck,Total Cost,Stations,0.5316411118172105,0.4961531915269919,0.5285710787288797,0.057454633046385574,0.5316411118172105,0.4961531915269919,0.5285710787288797,0.057454633046385574
Atlanta,Liquid Truck,Total Cost,Utilization,-0.5135502103129689,-0.495856201634562,0.005499825139743578,-0.00875688601010912,0.5135502103129689,0.495856201634562,0.005499825139743578,0.00875688601010912
Atlanta,Liquid Truck,Total Cost,Liquefaction Efficiency,-0.2610710476563015,-0.2472449105764491,-0.24467885441608528,-0.7275182812599161,0.2610710476563015,0.2472449105764491,0.24467885441608528,0.7275182812599161
Atlanta,Liquid Truck,Total Cost,Liquefaction Capital Cost,0.2086256268845739,0.1981807525338075,0.2166645636753126,0.6913212620809924,0.2086256268845739,0.1981807525338075,0.2166645636753126,0.6913212620809924
Atlanta,Liquid Truck,Total Cost,Station Capital Cost,0.18777016290645274,0.1765550118495501,0.17271022424916296,0.589378528055273,0.18777016290645274,0.1765550118495501,0.17271022424916296,0.589378528055273
Atlanta,Liquid Truck,Total Cost,Transmission Leakage Rate,0.026997466237921836,0.025486750358867504,0.032612533871023835,0.14086123769782805,0.026997466237921836,0.025486750358867504,0.032612533871023835,0.14086123769782805
Atlanta,Liquid Truck,Total Cost,Distribution Leakage Rate,0.022998719033271338,0.020868999484689996,0.0343879708616707,0.1532114315732774,0.022998719033271338,0.020868999484689996,0.0343879708616707,0.1532114315732774
Atlanta,Liquid Truck,Total Cost,Fuel Economy,-0.02273857859017849,-0.021226099316260995,-0.00971170289396558,-0.04572773585732768,0.02273857859017849,0.021226099316260995,0.00971170289396558,0.04572773585732768
Atlanta,Liquid Truck,Total Cost,Fuel Price,0.017653942308014935,0.01652871303328713,0.0166962696283055,0.0713619417619645,0.017653942308014935,0.01652871303328713,0.0166962696283055,0.0713619417619645
Atlanta,Liquid Truck,Total Cost,Cab Cost,0.012515283122675374,0.012368518263685183,0.015960203373102128,0.0805676194067022,0.012515283122675374,0.012368518263685183,0.015960203373102128,0.0805676194067022
Atlanta,Liquid Truck,Total Cost,Electricity Carbon Intensity,0.009938184894008035,0.010741098515410986,-0.0001211324301793784,0.010141272097319631,0.009938184894008035,0.010741098515410986,0.0001211324301793784,0.010141272097319631
Atlanta,Liquid Truck,Total Cost,Hydrogen Fuel Carbon Intensity,-0.008618860428552188,-0.006668064342680643,0.000949091019210299,0.008147723595833208,0.008618860428552188,0.006668064342680643,0.000949091019210299,0.008147723595833208
Atlanta,Liquid Truck,Total Cost,Commpression Capital Cost,-0.007550071164786009,-0.007603302424033024,-0.00010816923639196217,0.0018137426275063261,0.007550071164786009,0.007603302424033024,0.00010816923639196217,0.0018137426275063261
Atlanta,Liquid Truck,Total Cost,Pipeline Capital Cost,0.00656266084743978,0.008596942477969424,-0.0007871359026114014,0.006677159696788875,0.00656266084743978,0.008596942477969424,0.0007871359026114014,0.006677159696788875
Atlanta,Liquid Truck,Total Cost,Compression Efficiency,0.0025919251715908354,0.0019750873157508733,0.0005291853128270779,-0.00010516054134815234,0.0025919251715908354,0.0019750873157508733,0.0005291853128270779,0.00010516054134815234
Atlanta,Liquid Truck,Total Cost,Station Leakage Rate,-0.0008959901004871894,-0.0014326357463263575,0.007896719022790832,0.026613267897194436,0.0008959901004871894,0.0014326357463263575,0.007896719022790832,0.026613267897194436
Atlanta,Liquid Truck,Total Cost,Transmission Length,,,2.220446049250313e-16,,,,2.220446049250313e-16,
Atlanta,Liquid Truck,Total GHG Cost,Electricity Carbon Intensity,0.9999782872935722,0.9999771396517714,0.9999996893508678,0.9999985030010812,0.9999782872935722,0.9999771396517714,0.9999996893508678,0.9999985030010812
Atlanta,Liquid Truck,Total GHG Cost,Stations,0.020891631752488846,0.019407243659683646,-2.0469512162806713e-05,0.028844898883828244,0.020891631752488846,0.019407243659683646,2.0469512162806713e-05,0.028844898883828244
Atlanta,Liquid Truck,Total GHG Cost,Utilization,-0.019174522875056086,-0.019276798608767985,-1.9304259657067918e-05,0.028812188053792025,0.019174522875056086,0.019276798608767985,1.9304259657067918e-05,0.028812188053792025
Atlanta,Liquid Truck,Total GHG Cost,Compression Efficiency,-0.01749898873263682,-0.017426237406262375,4.210901097245243e-06,-0.027668453007429945,0.01749898873263682,0.017426237406262375,4.210901097245243e-06,0.027668453007429945
Atlanta,Liquid Truck,Total GHG Cost,Cab Cost,0.011234748071696433,0.011361042089610422,-9.480872524915043e-06,-0.0034649225250243604,0.011234748071696433,0.011361042089610422,9.480872524915043e-06,0.0034649225250243604
Atlanta,Liquid Truck,Total GHG Cost,Liquefaction Efficiency,0.009044713275693306,0.00911860600318606,-1.3630522523011811e-05,-0.012481979219898217,0.009044713275693306,0.00911860600318606,1.3630522523011811e-05,0.012481979219898217
Atlanta,Liquid Truck,Total GHG Cost,Fuel Price,0.008364165118958088,0.008335353407353535,1.3405653775785019e-05,0.00856684040826053,0.008364165118958088,0.008335353407353535,1.3405653775785019e-05,0.00856684040826053
Atlanta,Liquid Truck,Total GHG Cost,Transmission Leakage Rate,0.005699720646539972,0.0056721528807215284,6.960778697255501e-06,0.01880829480304843,0.005699720646539972,0.0056721528807215284,6.960778697255501e-06,0.01880829480304843
Atlanta,Liquid Truck,Total GHG Cost,Fuel Economy,-0.004211677938597723,-0.004374326887743269,-0.0020065655772890153,-0.7564980257637415,0.004211677938597723,0.004374326887743269,0.0020065655772890153,0.7564980257637415
Atlanta,Liquid Truck,Total GHG Cost,Station Leakage Rate,-0.0034018449840722393,-0.0034661231626612315,-1.598727801981513e-05,-0.011019219942277742,0.0034018449840722393,0.0034661231626612315,1.598727801981513e-05,0.011019219942277742
Atlanta,Liquid Truck,Total GHG Cost,Liquefaction Capital Cost,0.0032157050353730917,0.0033295092452950924,-6.1984318380680704e-06,-0.009283429989001592,0.0032157050353730917,0.0033295092452950924,6.1984318380680704e-06,0.009283429989001592
Atlanta,Liquid Truck,Total GHG Cost,Commpression Capital Cost,-0.0030713345001179876,-0.0029703388497033887,-4.186585342626387e-06,-0.0045138823468333315,0.0030713345001179876,0.0029703388497033887,4.186585342626387e-06,0.0045138823468333315
Atlanta,Liquid Truck,Total GHG Cost,Station Capital Cost,-0.0026840850228210997,-0.002684314118843141,5.091974337931389e-06,0.004369455751627642,0.0026840850228210997,0.002684314118843141,5.091974337931389e-06,0.004369455751627642
Atlanta,Liquid Truck,Total GHG Cost,Hydrogen Fuel Carbon Intensity,0.002135638789835844,0.0019395686833956868,0.006236031457395037,0.9633872437116235,0.002135638789835844,0.0019395686833956868,0.006236031457395037,0.9633872437116235
Atlanta,Liquid Truck,Total GHG Cost,Distribution Leakage Rate,-0.0020831189926027874,-0.001947447295474473,1.1118422191823005e-05,0.00630974280249547,0.0020831189926027874,0.001947447295474473,1.1118422191823005e-05,0.00630974280249547
Atlanta,Liquid Truck,Total GHG Cost,Electricity Cost,0.0008761806499740051,0.0006551168825511688,3.400035364178585e-06,-0.007498269400625364,0.0008761806499740051,0.0006551168825511688,3.400035364178585e-06,0.007498269400625364
Atlanta,Liquid Truck,Total GHG Cost,Pipeline Capital Cost,-0.0005298461123703429,-0.0002670003626700036,4.610060487090816e-07,0.011367294061247027,0.0005298461123703429,0.0002670003626700036,4.610060487090816e-07,0.011367294061247027
Atlanta,Liquid Truck,Total GHG Cost,Transmission Length,,,2.983724378680108e-16,,,,2.983724378680108e-16,
Atlanta,Pipeline,Total Cost,Stations,0.9865913619175402,0.9852793601184265,0.8020464336247701,0.47620781481741575,0.9865913619175402,0.9852793601184265,0.8020464336247701,0.47620781481741575
Atlanta,Pipeline,Total Cost,Utilization,-0.9633014954621199,-0.9847004937550049,-0.19022582153925754,0.057327292221051894,0.9633014954621199,0.9847004937550049,0.19022582153925754,0.057327292221051894
Atlanta,Pipeline,Total Cost,Electricity Cost,0.12752542793313276,0.1443376908513769,0.12256877033201367,0.9121368165159663,0.12752542793313276,0.1443376908513769,0.12256877033201367,0.9121368165159663
Atlanta,Pipeline,Total Cost,Station Capital Cost,0.10563713007928073,0.10800482395204825,0.0849984355494957,0.8084556773116967,0.10563713007928073,0.10800482395204825,0.0849984355494957,0.8084556773116967
Atlanta,Pipeline,Total Cost,Electricity Carbon Intensity,0.02056432336613631,0.019770983429709833,0.00019593168611383897,0.012335431582807617,0.02056432336613631,0.019770983429709833,0.00019593168611383897,0.012335431582807617
Atlanta,Pipeline,Total Cost,Pipeline Capital Cost,0.01900535702727576,0.019391004661910047,-8.983475547525376e-05,0.007794234788050403,0.01900535702727576,0.019391004661910047,8.983475547525376e-05,0.007794234788050403
Atlanta,Pipeline,Total Cost,Pipeline Capital Cost_1,0.01900535702727576,0.019391004661910047,-8.983475547525571e-05,0.007794234788050403,0.01900535702727576,0.019391004661910047,8.983475547525571e-05,0.007794234788050403
Atlanta,Pipeline,Total Cost,Pipeline Capital Cost_2,0.01900535702727576,0.019391004661910047,-8.983475547527104e-05,0.007794234791267808,0.01900535702727576,0.019391004661910047,8.983475547527104e-05,0.007794234791267808
Atlanta,Pipeline,Total Cost,Fuel Economy,-0.01712748876198074,-0.015063201786632018,-0.0003144164609091862,-0.01083601952016879,0.01712748876198074,0.015063201786632018,0.0003144164609091862,0.01083601952016879
Atlanta,Pipeline,Total Cost,Liquefaction Efficiency,-0.010061910112861647,-0.008760239427602394,-0.0001963272697735751,0.00039648122629193367,0.010061910112861647,0.008760239427602394,0.0001963272697735751,0.00039648122629193367
Atlanta,Pipeline,Total Cost,Distribution Leakage Rate,-0.007925892748482473,-0.00406282202862822,0.001284159603420613,0.03955988003212237,0.007925892748482473,0.00406282202862822,0.001284159603420613,0.03955988003212237
Atlanta,Pipeline,Total Cost,Cab Cost,0.006351165314282888,0.004068419380684194,-0.00045116025464897843,-0.0006879153091840546,0.006351165314282888,0.004068419380684194,0.00045116025464897843,0.0006879153091840546
Atlanta,Pipeline,Total Cost,Compression Capital Cost,0.00481798158930865,0.00395252696752527,0.0011569034422286312,0.01663085126615392,0.00481798158930865,0.00395252696752527,0.0011569034422286312,0.01663085126615392
Atlanta,Pipeline,Total Cost,Hydrogen Fuel Carbon Intensity,-0.004695116287132427,-0.00396672901566729,0.0003997892211931232,-0.005157379082815184,0.004695116287132427,0.00396672901566729,0.0003997892211931232,0.005157379082815184
Atlanta,Pipeline,Total Cost,Transmission Leakage Rate,-0.00463331446507673,-0.0037128099636899387,-0.00015433969559034173,0.005415235834074899,0.00463331446507673,0.0037128099636899387,0.00015433969559034173,0.005415235834074899
Atlanta,Pipeline,Total Cost,Station Leakage Rate,-0.002633321587992828,-0.0011814771958360386,0.0016057365846459338,0.033513402125298186,0.002633321587992828,0.0011814771958360386,0.0016057365846459338,0.033513402125298186
Atlanta,Pipeline,Total Cost,Liquefaction Capital Cost,-0.0023739473335246137,-0.007224560628245606,-0.0002617472994280114,-0.005239056457667102,0.0023739473335246137,0.007224560628245606,0.0002617472994280114,0.005239056457667102
Atlanta,Pipeline,Total Cost,Compression Efficiency,-0.0016810933924990745,-0.0015035184030351841,-0.008414858527528027,-0.15119333883969396,0.0016810933924990745,0.0015035184030351841,0.008414858527528027,0.15119333883969396
Atlanta,Pipeline,Total Cost,Transmission Length,,,6.938893903907228e-18,,,,6.938893903907228e-18,
Atlanta,Pipeline,Total GHG Cost,Electricity Carbon Intensity,0.9945602924933008,0.9949276564452766,0.9923516694878577,0.998634515370195,0.9945602924933008,0.9949276564452766,0.9923516694878577,0.998634515370195
Atlanta,Pipeline,Total GHG Cost,Compression Efficiency,-0.085044197061855,-0.08268305416683054,-0.06818131557977457,-0.785722368236663,0.085044197061855,0.08268305416683054,0.06818131557977457,0.785722368236663
Atlanta,Pipeline,Total GHG Cost,Stations,0.07285801241740075,0.06729875108156577,0.051156607512057035,0.03155636365038721,0.07285801241740075,0.06729875108156577,0.051156607512057035,0.03155636365038721
Atlanta,Pipeline,Total GHG Cost,Utilization,-0.06897676502895035,-0.06717310295973103,-0.0015875662359933808,0.0034562559879107602,0.06897676502895035,0.06717310295973103,0.0015875662359933808,0.0034562559879107602
Atlanta,Pipeline,Total GHG Cost,Electricity Cost,-0.027679177894157067,-0.02640492278404923,-0.02939151288344658,-0.4764733205911425,0.027679177894157067,0.02640492278404923,0.02939151288344658,0.4764733205911425
Atlanta,Pipeline,Total GHG Cost,Station Leakage Rate,-0.0199879900951455,-0.019824834354605192,0.00027210429050789965,0.004185887309634784,0.0199879900951455,0.019824834354605192,0.00027210429050789965,0.004185887309634784
Atlanta,Pipeline,Total GHG Cost,Cab Cost,0.010708907085240778,0.010924046245240463,-0.0003309400216019203,-0.0009944750782591503,0.010708907085240778,0.010924046245240463,0.0003309400216019203,0.0009944750782591503
Atlanta,Pipeline,Total GHG Cost,Distribution Leakage Rate,-0.01032965675865678,-0.010349561551495615,0.0029171761445262946,0.05240781380133455,0.01032965675865678,0.010349561551495615,0.0029171761445262946,0.05240781380133455
Atlanta,Pipeline,Total GHG Cost,Liquefaction Efficiency,0.00835721968653883,0.008563270177632702,-0.001387977082885768,-0.02507877359331661,0.00835721968653883,0.008563270177632702,0.001387977082885768,0.02507877359331661
Atlanta,Pipeline,Total GHG Cost,Hydrogen Fuel Carbon Intensity,-0.005641509013667512,-0.005370170777701707,-0.0006303963149567081,-0.005740602768625343,0.005641509013667512,0.005370170777701707,0.0006303963149567081,0.005740602768625343
Atlanta,Pipeline,Total GHG Cost,Compression Capital Cost,-0.0034092171722704587,-0.00355484499554845,-8.575569095642647e-06,-0.0040744262032187195,0.0034092171722704587,0.00355484499554845,8.575569095642647e-06,0.0040744262032187195
Atlanta,Pipeline,Total GHG Cost,Fuel Economy,-0.0031196477835948497,-0.0030783449227834493,-0.0002795076037539252,-0.004975826576393773,0.0031196477835948497,0.0030783449227834493,0.0002795076037539252,0.004975826576393773
Atlanta,Pipeline,Total GHG Cost,Station Capital Cost,-0.0021176204481772815,-0.0020281551802815516,0.0004537444617541658,0.006962707190725911,0.0021176204481772815,0.0020281551802815516,0.0004537444617541658,0.006962707190725911
Atlanta,Pipeline,Total GHG Cost,Liquefaction Capital Cost,0.0019508614301078364,0.0021913839339138394,-0.0015138453653159277,-0.020926938966273723,0.0019508614301078364,0.0021913839339138394,0.0015138453653159277,0.020926938966273723
Atlanta,Pipeline,Total GHG Cost,Pipeline Capital Cost,0.0013209189234467376,0.0014393090183930902,0.00022671366573422062,0.012545783972091632,0.0013209189234467376,0.0014393090183930902,0.00022671366573422062,0.012545783972091632
Atlanta,Pipeline,Total GHG Cost,Pipeline Capital Cost_1,0.0013209189234467376,0.0014393090183930902,0.00022671366573422233,0.012545783972091632,0.0013209189234467376,0.0014393090183930902,0.00022671366573422233,0.012545783972091632
Atlanta,Pipeline,Total GHG Cost,Pipeline Capital Cost_2,0.0013209189234467376,0.0014393090183930902,0.0002267136657342269,0.012545783961794869,0.0013209189234467376,0.0014393090183930902,0.0002267136657342269,0.012545783961794869
Atlanta,Pipeline,Total GHG Cost,Transmission Leakage Rate,-0.0005352290004017207,-0.00014159596951366092,-0.0006665589303664314,-0.005740379443997912,0.0005352290004017207,0.00014159596951366092,0.0006665589303664314,0.005740379443997912
Atlanta,Pipeline,Total GHG Cost,Transmission Length,,,-2.7755575615628914e-17,,,,2.7755575615628914e-17,
Fresno,Gas Truck,Total Cost,Stations,0.8534833093621594,0.8325601248840787,0.9134443500077795,0.8492321629512245,0.8534833093621594,0.8325601248840787,0.9134443500077795,0.8492321629512245
Fresno,Gas Truck,Total Cost,Utilization,-0.7794909067909577,-0.7818238397822384,0.06814095881936566,0.20911985916161271,0.7794909067909577,0.7818238397822384,0.06814095881936566,0.20911985916161271
Fresno,Gas Truck,Total Cost,Electricity Cost,0.3763118309829436,0.39868688151886883,0.3683241876643766,0.9110762086101694,0.3763118309829436,0.39868688151886883,0.3683241876643766,0.9110762086101694
Fresno,Gas Truck,Total Cost,Station Capital Cost,0.3280914397875348,0.3164767189407672,0.32231155922853705,0.8680691471797021,0.3280914397875348,0.3164767189407672,0.32231155922853705,0.8680691471797021
Fresno,Gas Truck,Total Cost,Compression Efficiency,-0.08097762621465204,-0.08219667163796672,-0.08067792613163206,-0.42068901744366644,0.08097762621465204,0.08219667163796672,0.08067792613163206,0.42068901744366644
Fresno,Gas Truck,Total Cost,Fuel Price,0.07266099943175905,0.07864098384640984,0.07025497004945863,0.38450749941735535,0.07266099943175905,0.07864098384640984,0.07025497004945863,0.38450749941735535
Fresno,Gas Truck,Total Cost,Cab Cost,0.06002969616989075,0.05920596596805966,0.06809905582542947,0.34863125773463255,0.06002969616989075,0.05920596596805966,0.06809905582542947,0.34863125773463255
Fresno,Gas Truck,Total Cost,Compression Capital Cost,0.04146492318382816,0.04281778812817788,0.036711979240139345,0.21010974598040785,0.04146492318382816,0.04281778812817788,0.036711979240139345,0.21010974598040785
Fresno,Gas Truck,Total Cost,Fuel Economy,-0.041240626398928434,-0.036250217702502176,-0.03583001278423849,-0.2014902422725854,0.041240626398928434,0.036250217702502176,0.03583001278423849,0.2014902422725854
Fresno,Gas Truck,Total Cost,Electricity Carbon Intensity,0.026323121505824384,0.022725782243257824,0.0025828556876882074,-0.011344243838808414,0.026323121505824384,0.022725782243257824,0.0025828556876882074,0.011344243838808414
Fresno,Gas Truck,Total Cost,Transmission Leakage Rate,0.019677044470738828,0.019485852818858528,0.005602113936907359,0.05288261977080968,0.019677044470738828,0.019485852818858528,0.005602113936907359,0.05288261977080968
Fresno,Gas Truck,Total Cost,Liquefaction Capital Cost,0.011070342764141075,0.005615253632152537,0.0008194684867181906,-0.007617070972054367,0.011070342764141075,0.005615253632152537,0.0008194684867181906,0.007617070972054367
Fresno,Gas Truck,Total Cost,Distribution Leakage Rate,-0.010767431556422508,-0.010239173989374701,0.0010994120893215596,-0.007750638539283161,0.010767431556422508,0.010239173989374701,0.0010994120893215596,0.007750638539283161
Fresno,Gas Truck,Total Cost,Pipeline Capital Cost,-0.007189628125379454,-0.010863417384634174,0.00031915144068532357,-0.00264393846428257,0.007189628125379454,0.010863417384634174,0.00031915144068532357,0.00264393846428257
Fresno,Gas Truck,Total Cost,Hydrogen Fuel Carbon Intensity,0.006371735360837971,0.0027477739234777394,-0.0011500885114559397,0.011998542603823116,0.006371735360837971,0.0027477739234777394,0.0011500885114559397,0.011998542603823116
Fresno,Gas Truck,Total Cost,Liquefaction Efficiency,0.0012210010799990957,0.0036664683366646835,0.00031418946427697037,-0.0018680784540255882,0.0012210010799990957,0.0036664683366646835,0.00031418946427697037,0.0018680784540255882
Fresno,Gas Truck,Total Cost,Station Leakage Rate,-0.0002832400871260328,0.00327986431487736,0.006444293961218845,0.04592715444539229,0.0002832400871260328,0.00327986431487736,0.006444293961218845,0.04592715444539229
Fresno,Gas Truck,Total Cost,Transmission Length,,,0.0,,,,0.0,
Fresno,Gas Truck,Total GHG Cost,Electricity Carbon Intensity,0.9984293935560821,0.9984186651361866,0.9981037090700517,0.9999507831194109,0.9984293935560821,0.9984186651361866,0.9981037090700517,0.9999507831194109
Fresno,Gas Truck,Total GHG Cost,Hydrogen Fuel Carbon Intensity,0.06168094736287184,0.061257893280578936,0.052519157050704014,0.9825149563882986,0.06168094736287184,0.061257893280578936,0.052519157050704014,0.9825149563882986
Fresno,Gas Truck,Total GHG Cost,Station Leakage Rate,-0.018873187714065126,-0.018974131270196693,-4.274022843957431e-05,-0.009740438523860237,0.018873187714065126,0.018974131270196693,4.274022843957431e-05,0.009740438523860237
Fresno,Gas Truck,Total GHG Cost,Stations,0.017814367679291943,0.018150392480456325,0.00012128786490271244,0.01597402435285529,0.017814367679291943,0.018150392480456325,0.00012128786490271244,0.01597402435285529
Fresno,Gas Truck,Total GHG Cost,Electricity Cost,0.016871692050697506,0.016764728375647284,-2.3272128618300126e-05,-0.006056817287807598,0.016871692050697506,0.016764728375647284,2.3272128618300126e-05,0.006056817287807598
Fresno,Gas Truck,Total GHG Cost,Utilization,-0.014628065092371644,-0.014614597382145975,0.00019337523675300172,0.016402219619897105,0.014628065092371644,0.014614597382145975,0.00019337523675300172,0.016402219619897105
Fresno,Gas Truck,Total GHG Cost,Cab Cost,-0.012986473515219851,-0.013198343687983437,5.444323651894773e-06,-0.002695575585189152,0.012986473515219851,0.013198343687983437,5.444323651894773e-06,0.002695575585189152
Fresno,Gas Truck,Total GHG Cost,Fuel Economy,-0.010350071535580999,-0.010287515442875154,-0.017593581754107673,-0.8702933419613847,0.010350071535580999,0.010287515442875154,0.017593581754107673,0.8702933419613847
Fresno,Gas Truck,Total GHG Cost,Station Capital Cost,0.010150360784003996,0.01053028796130288,-9.667535673512278e-05,-0.008239641919187675,0.010150360784003996,0.01053028796130288,9.667535673512278e-05,0.008239641919187675
Fresno,Gas Truck,Total GHG Cost,Pipeline Capital Cost,0.00768407573187883,0.007665713740657137,5.459166847018166e-05,-0.010845802497609981,0.00768407573187883,0.007665713740657137,5.459166847018166e-05,0.010845802497609981
Fresno,Gas Truck,Total GHG Cost,Liquefaction Capital Cost,0.007288966172337929,0.0075052476150524764,4.664673996488633e-05,-0.00585462183145751,0.007288966172337929,0.0075052476150524764,4.664673996488633e-05,0.00585462183145751
Fresno,Gas Truck,Total GHG Cost,Fuel Price,0.006829968144928396,0.006663390414633904,2.822279429247046e-07,0.002217132446681897,0.006829968144928396,0.006663390414633904,2.822279429247046e-07,0.002217132446681897
Fresno,Gas Truck,Total GHG Cost,Liquefaction Efficiency,-0.0065602953466320675,-0.0066346800423468,2.211591591727354e-05,-0.0006028990621537751,0.0065602953466320675,0.0066346800423468,2.211591591727354e-05,0.0006028990621537751
Fresno,Gas Truck,Total GHG Cost,Distribution Leakage Rate,-0.0051508630950904315,-0.005047872356963319,6.449473989621668e-05,-0.004740716375616315,0.0051508630950904315,0.005047872356963319,6.449473989621668e-05,0.004740716375616315
Fresno,Gas Truck,Total GHG Cost,Transmission Leakage Rate,0.003800563909199349,0.0036712237207122372,-5.6038606376334643e-05,-0.008007922392188333,0.003800563909199349,0.0036712237207122372,5.6038606376334643e-05,0.008007922392188333
Fresno,Gas Truck,Total GHG Cost,Compression Efficiency,-0.002556888756429199,-0.002922189185221892,-5.190186414702436e-05,0.0013366320885643385,0.002556888756429199,0.002922189185221892,5.190186414702436e-05,0.0013366320885643385
Fresno,Gas Truck,Total GHG Cost,Compression Capital Cost,-0.0024173516130979677,-0.0024071235360712353,0.00011914649805274659,0.015137254707464153,0.0024173516130979677,0.0024071235360712353,0.00011914649805274659,0.015137254707464153
Fresno,Gas Truck,Total GHG Cost,Transmission Length,,,-4.996003610813204e-16,,,,4.996003610813204e-16,
Fresno,Liquid Truck,Total Cost,Electricity Cost,0.7429206429431845,0.7559130816351308,0.7353452233318629,0.9641545224976967,0.7429206429431845,0.7559130816351308,0.7353452233318629,0.9641545224976967
Fresno,Liquid Truck,Total Cost,Stations,0.5407280405971058,0.5011648888057111,0.5512199048275658,0.6072604369181825,0.5407280405971058,0.5011648888057111,0.5512199048275658,0.6072604369181825
Fresno,Liquid Truck,Total Cost,Utilization,-0.49451927298104886,-0.4754361781223618,0.020206226231064522,0.04134521273519491,0.49451927298104886,0.4754361781223618,0.020206226231064522,0.04134521273519491
Fresno,Liquid Truck,Total Cost,Liquefaction Efficiency,-0.24336566263565096,-0.23052222163322222,-0.24178990171234813,-0.7450585361982116,0.24336566263565096,0.23052222163322222,0.24178990171234813,0.7450585361982116
Fresno,Liquid Truck,Total Cost,Liquefaction Capital Cost,0.23533185218772862,0.2280853378808534,0.23432998982769646,0.7431553530332429,0.23533185218772862,0.2280853378808534,0.23432998982769646,0.7431553530332429
Fresno,Liquid Truck,Total Cost,Station Capital Cost,0.1955950048080368,0.18354591141545912,0.19107429122084166,0.6565636656388709,0.1955950048080368,0.18354591141545912,0.19107429122084166,0.6565636656388709
Fresno,Liquid Truck,Total Cost,Cab Cost,0.03627047041313036,0.032690073710900734,0.04494574519681452,0.19324796669979394,0.03627047041313036,0.032690073710900734,0.04494574519681452,0.19324796669979394
Fresno,Liquid Truck,Total Cost,Transmission Leakage Rate,0.032454425161918085,0.03019341120193411,0.02883597309988177,0.13675725312776985,0.032454425161918085,0.03019341120193411,0.02883597309988177,0.13675725312776985
Fresno,Liquid Truck,Total Cost,Electricity Carbon Intensity,0.027079079329713315,0.02452486478924865,0.0006409498058393545,-0.009207261140486058,0.027079079329713315,0.02452486478924865,0.0006409498058393545,0.009207261140486058
Fresno,Liquid Truck,Total Cost,Fuel Price,0.020002349563513735,0.0185351702213517,0.012446142145206833,0.04707174763335982,0.020002349563513735,0.0185351702213517,0.012446142145206833,0.04707174763335982
Fresno,Liquid Truck,Total Cost,Distribution Leakage Rate,0.014097746543873984,0.010783892591838927,0.030805862790855853,0.14254882917250922,0.014097746543873984,0.010783892591838927,0.030805862790855853,0.14254882917250922
Fresno,Liquid Truck,Total Cost,Compression Efficiency,0.013724603081856713,0.014368413479684134,-0.0018879332428184481,-0.008467533654058609,0.013724603081856713,0.014368413479684134,0.0018879332428184481,0.008467533654058609
Fresno,Liquid Truck,Total Cost,Fuel Economy,-0.013509121571700082,-0.009845866682458666,-0.005965262894247742,-0.028275828645108105,0.013509121571700082,0.009845866682458666,0.005965262894247742,0.028275828645108105
Fresno,Liquid Truck,Total Cost,Pipeline Capital Cost,-0.0133172310997409,-0.014721017655210177,-0.0013968913191486155,-0.006363528510610026,0.0133172310997409,0.014721017655210177,0.0013968913191486155,0.006363528510610026
Fresno,Liquid Truck,Total Cost,Commpression Capital Cost,-0.0024073843842316906,-0.004188145325881454,-0.00038861485119586175,-0.009891996827505021,0.0024073843842316906,0.004188145325881454,0.00038861485119586175,0.009891996827505021
Fresno,Liquid Truck,Total Cost,Station Leakage Rate,0.002181886333235964,0.002118408741184087,0.006570377683202557,0.02823004201457896,0.002181886333235964,0.002118408741184087,0.006570377683202557,0.02823004201457896
Fresno,Liquid Truck,Total Cost,Hydrogen Fuel Carbon Intensity,-0.0015705197328522308,-0.003858624170586242,-0.001627202342824429,0.001574893772817042,0.0015705197328522308,0.003858624170586242,0.001627202342824429,0.001574893772817042
Fresno,Liquid Truck,Total Cost,Transmission Length,,,-1.1102230246251565e-16,,,,1.1102230246251565e-16,
Fresno,Liquid Truck,Total GHG Cost,Electricity Carbon Intensity,0.9999896026425636,0.999988710267887,0.9999625171904698,0.9999990230219892,0.9999896026425636,0.999988710267887,0.9999625171904698,0.9999990230219892
Fresno,Liquid Truck,Total GHG Cost,Electricity Cost,0.017185195357663833,0.01712142413121424,1.0361570659523402e-06,0.011057426073360481,0.017185195357663833,0.01712142413121424,1.0361570659523402e-06,0.011057426073360481
Fresno,Liquid Truck,Total GHG Cost,Stations,0.016991044920143885,0.017730491733525432,7.167308904362441e-06,0.0018728419037528506,0.016991044920143885,0.017730491733525432,7.167308904362441e-06,0.0018728419037528506
Fresno,Liquid Truck,Total GHG Cost,Utilization,-0.014342775252919193,-0.01430657889506579,1.0287000528630408e-05,5.386652056275021e-05,0.014342775252919193,0.01430657889506579,1.0287000528630408e-05,5.386652056275021e-05
Fresno,Liquid Truck,Total GHG Cost,Hydrogen Fuel Carbon Intensity,0.01323552450219777,0.013092809494928095,0.004296336756031583,0.9510076231200395,0.01323552450219777,0.013092809494928095,0.004296336756031583,0.9510076231200395
Fresno,Liquid Truck,Total GHG Cost,Cab Cost,-0.012551944556545142,-0.012745272355452723,8.746343698131454e-07,-0.0007342144197301048,0.012551944556545142,0.012745272355452723,8.746343698131454e-07,0.0007342144197301048
Fresno,Liquid Truck,Total GHG Cost,Station Capital Cost,0.010786914512568914,0.011165926899659269,-5.2806374884762e-06,0.004286327766900682,0.010786914512568914,0.011165926899659269,5.2806374884762e-06,0.004286327766900682
Fresno,Liquid Truck,Total GHG Cost,Pipeline Capital Cost,0.00764788302090654,0.007795583693955837,1.862935543654886e-06,0.008224715916914606,0.00764788302090654,0.007795583693955837,1.862935543654886e-06,0.008224715916914606
Fresno,Liquid Truck,Total GHG Cost,Liquefaction Capital Cost,0.007362575019214251,0.007659168532591685,3.4149157474596845e-06,-0.009298042334525905,0.007362575019214251,0.007659168532591685,3.4149157474596845e-06,0.009298042334525905
Fresno,Liquid Truck,Total GHG Cost,Transmission Leakage Rate,-0.007086434319190745,-0.007119038171190382,-4.701838704565104e-06,-0.013909752346366802,0.007086434319190745,0.007119038171190382,4.701838704565104e-06,0.013909752346366802
Fresno,Liquid Truck,Total GHG Cost,Fuel Price,0.0068920687957487615,0.006695097858950979,-3.072053548039656e-06,-0.00345305964375453,0.0068920687957487615,0.006695097858950979,3.072053548039656e-06,0.00345305964375453
Fresno,Liquid Truck,Total GHG Cost,Liquefaction Efficiency,-0.006891015247198644,-0.006924822765248227,8.655733611098289e-07,0.01724563976999209,0.006891015247198644,0.006924822765248227,8.655733611098289e-07,0.01724563976999209
Fresno,Liquid Truck,Total GHG Cost,Fuel Economy,0.006568710218651967,0.006514457573144576,-0.0013945550142214968,-0.7080714735583223,0.006568710218651967,0.006514457573144576,0.0013945550142214968,0.7080714735583223
Fresno,Liquid Truck,Total GHG Cost,Station Leakage Rate,0.005075018372972718,0.004986472837864729,2.1131313740707283e-06,-0.015170833178318788,0.005075018372972718,0.004986472837864729,2.1131313740707283e-06,0.015170833178318788
Fresno,Liquid Truck,Total GHG Cost,Compression Efficiency,-0.0036323095717458002,-0.0040651399246513995,-3.700869361866594e-07,0.0016373057898388548,0.0036323095717458002,0.0040651399246513995,3.700869361866594e-07,0.0016373057898388548
Fresno,Liquid Truck,Total GHG Cost,Commpression Capital Cost,-0.00269819414003399,-0.0027041786670417866,8.063497539689472e-06,0.01693432013232284,0.00269819414003399,0.0027041786670417866,8.063497539689472e-06,0.01693432013232284
Fresno,Liquid Truck,Total GHG Cost,Distribution Leakage Rate,-0.00014953260569686413,-0.00011321781713217818,5.018070857240586e-07,0.010581920040251392,0.00014953260569686413,0.00011321781713217818,5.018070857240586e-07,0.010581920040251392
Fresno,Liquid Truck,Total GHG Cost,Transmission Length,,,-1.942890293094024e-16,,,,1.942890293094024e-16,
Fresno,Pipeline,Total Cost,Stations,0.9500694686291733,0.9358558188451965,0.9470432129363638,0.8923081845557088,0.9500694686291733,0.9358558188451965,0.9470432129363638,0.8923081845557088
Fresno,Pipeline,Total Cost,Utilization,-0.880868202284679,-0.8810690810546908,-0.0041182972310190415,0.2408098623804881,0.880868202284679,0.8810690810546908,0.0041182972310190415,0.2408098623804881
Fresno,Pipeline,Total Cost,Pipeline Capital Cost,0.21067369039755116,0.22155676175556763,0.07300389638544139,0.8202499016603698,0.21067369039755116,0.22155676175556763,0.07300389638544139,0.8202499016603698
Fresno,Pipeline,Total Cost,Pipeline Capital Cost_1,0.21067369039755116,0.22155676175556763,0.07300389638544154,0.8202499016603698,0.21067369039755116,0.22155676175556763,0.07300389638544154,0.8202499016603698
Fresno,Pipeline,Total Cost,Pipeline Capital Cost_2,0.21067369039755116,0.22155676175556763,0.07300389638544151,0.820249901660458,0.21067369039755116,0.22155676175556763,0.07300389638544151,0.820249901660458
Fresno,Pipeline,Total Cost,Electricity Cost,0.1485049298929385,0.17393482327134824,0.14239023542187415,0.7255731516591516,0.1485049298929385,0.17393482327134824,0.14239023542187415,0.7255731516591516
Fresno,Pipeline,Total Cost,Station Capital Cost,0.11379426272641674,0.11780263501402635,0.1081603305728376,0.5699955937278692,0.11379426272641674,0.11780263501402635,0.1081603305728376,0.5699955937278692
Fresno,Pipeline,Total Cost,Electricity Carbon Intensity,0.02453476724265957,0.024016310196163102,0.003256754816545098,0.006895992706248126,0.02453476724265957,0.024016310196163102,0.003256754816545098,0.006895992706248126
Fresno,Pipeline,Total Cost,Transmission Leakage Rate,0.014821841209292518,0.010052444088697078,-0.00025182050522879916,-0.011658262209554305,0.014821841209292518,0.010052444088697078,0.00025182050522879916,0.011658262209554305
Fresno,Pipeline,Total Cost,Distribution Leakage Rate,0.013374084844757116,0.015908332131083322,0.00035772254685229813,0.019602196110190175,0.013374084844757116,0.015908332131083322,0.00035772254685229813,0.019602196110190175
Fresno,Pipeline,Total Cost,Hydrogen Fuel Carbon Intensity,0.012733441158878842,0.008096152268961522,-0.0008869331321929352,0.009903791224161426,0.012733441158878842,0.008096152268961522,0.0008869331321929352,0.009903791224161426
Fresno,Pipeline,Total Cost,Cab Cost,-0.008912514421687872,-0.010725199439251994,0.0011727698289504195,-0.011515575384862014,0.008912514421687872,0.010725199439251994,0.0011727698289504195,0.011515575384862014
Fresno,Pipeline,Total Cost,Liquefaction Capital Cost,0.008691141874944349,0.005355419861554199,-0.001093214818190078,-0.008661137652110313,0.008691141874944349,0.005355419861554199,0.001093214818190078,0.008661137652110313
Fresno,Pipeline,Total Cost,Compression Efficiency,-0.008416702254577833,-0.007580441667804417,-0.005609467156544639,-0.03205191417310718,0.008416702254577833,0.007580441667804417,0.005609467156544639,0.03205191417310718
Fresno,Pipeline,Total Cost,Compression Capital Cost,0.006721865387598034,0.007161372275613723,0.0014260420269137763,0.009927132208320305,0.006721865387598034,0.007161372275613723,0.0014260420269137763,0.009927132208320305
Fresno,Pipeline,Total Cost,Fuel Economy,-0.005847662756240531,-0.0008596497205964972,0.0008061647336763801,-0.001141928728211988,0.005847662756240531,0.0008596497205964972,0.0008061647336763801,0.001141928728211988
Fresno,Pipeline,Total Cost,Liquefaction Efficiency,0.001946830390377525,0.006766359487663595,0.0008092332960789425,0.013684442197278289,0.001946830390377525,0.006766359487663595,0.0008092332960789425,0.013684442197278289
Fresno,Pipeline,Total Cost,Station Leakage Rate,-0.0010145685808948721,-4.068762040785271e-06,0.004398645037798582,0.019837078251251788,0.0010145685808948721,4.068762040785271e-06,0.004398645037798582,0.019837078251251788
Fresno,Pipeline,Total Cost,Transmission Length,,,2.7755575615628914e-17,,,,2.7755575615628914e-17,
Fresno,Pipeline,Total GHG Cost,Electricity Carbon Intensity,0.9984399154090711,0.998442102348421,0.9982439852344394,0.9997831271113141,0.9984399154090711,0.998442102348421,0.9982439852344394,0.9997831271113141
Fresno,Pipeline,Total GHG Cost,Compression Efficiency,-0.052014634781872286,-0.051946737723467376,-0.04816484345063648,-0.9165937230124903,0.052014634781872286,0.051946737723467376,0.04816484345063648,0.9165937230124903
Fresno,Pipeline,Total GHG Cost,Stations,0.02597454717447136,0.02663675588429671,0.006782273338718048,0.10936650126003195,0.02597454717447136,0.02663675588429671,0.006782273338718048,0.10936650126003195
Fresno,Pipeline,Total GHG Cost,Utilization,-0.023005782719695667,-0.022833546696335468,-0.0020083622506911424,-0.013546132474072341,0.023005782719695667,0.022833546696335468,0.0020083622506911424,0.013546132474072341
Fresno,Pipeline,Total GHG Cost,Station Leakage Rate,-0.018583248396097842,-0.018630933342756475,-7.825857134203321e-05,-0.003641392341528288,0.018583248396097842,0.018630933342756475,7.825857134203321e-05,0.003641392341528288
Fresno,Pipeline,Total GHG Cost,Electricity Cost,0.016394360606703365,0.016433307632333076,1.0557655408504528e-05,0.006624455305951351,0.016394360606703365,0.016433307632333076,1.0557655408504528e-05,0.006624455305951351
Fresno,Pipeline,Total GHG Cost,Cab Cost,-0.012579727642174706,-0.01257750812977508,5.438271554050359e-05,0.01181315183586229,0.012579727642174706,0.01257750812977508,5.438271554050359e-05,0.01181315183586229
Fresno,Pipeline,Total GHG Cost,Station Capital Cost,0.011506754049447383,0.011837845654378457,0.0003108518190478624,0.013631475072814769,0.011506754049447383,0.011837845654378457,0.0003108518190478624,0.013631475072814769
Fresno,Pipeline,Total GHG Cost,Pipeline Capital Cost,-0.010615832749453985,-0.010394373391943735,-0.0059973233520792466,-0.6523459773566108,0.010615832749453985,0.010394373391943735,0.0059973233520792466,0.6523459773566108
Fresno,Pipeline,Total GHG Cost,Pipeline Capital Cost_1,-0.010615832749453985,-0.010394373391943735,-0.005997323352079315,-0.6523459773566108,0.010615832749453985,0.010394373391943735,0.005997323352079315,0.6523459773566108
Fresno,Pipeline,Total GHG Cost,Pipeline Capital Cost_2,-0.010615832749453985,-0.010394373391943735,-0.00599732335207913,-0.6523459774987965,0.010615832749453985,0.010394373391943735,0.00599732335207913,0.6523459774987965
Fresno,Pipeline,Total GHG Cost,Fuel Economy,0.00879364868056031,0.008654356274543563,-3.3943935960592026e-05,-0.007642698193045757,0.00879364868056031,0.008654356274543563,3.3943935960592026e-05,0.007642698193045757
Fresno,Pipeline,Total GHG Cost,Hydrogen Fuel Carbon Intensity,0.008232503235162964,0.008117891133178911,3.249816556344101e-05,0.0057433259955164346,0.008232503235162964,0.008117891133178911,3.249816556344101e-05,0.0057433259955164346
Fresno,Pipeline,Total GHG Cost,Liquefaction Capital Cost,0.00741760024723676,0.007574922675749227,0.00016914397101001574,0.001967026129445972,0.00741760024723676,0.007574922675749227,0.00016914397101001574,0.001967026129445972
Fresno,Pipeline,Total GHG Cost,Liquefaction Efficiency,-0.006716299679741958,-0.006762308899623089,-0.00044710689741434684,-0.021833469860898364,0.006716299679741958,0.006762308899623089,0.00044710689741434684,0.021833469860898364
Fresno,Pipeline,Total GHG Cost,Distribution Leakage Rate,0.002956814759363406,0.002930761121307611,0.0016809740163711369,0.07347167591411298,0.002956814759363406,0.002930761121307611,0.0016809740163711369,0.07347167591411298
Fresno,Pipeline,Total GHG Cost,Compression Capital Cost,-0.0028697844473084,-0.002767283799672838,1.1371304716086304e-05,0.006535355202670447,0.0028697844473084,0.002767283799672838,1.1371304716086304e-05,0.006535355202670447
Fresno,Pipeline,Total GHG Cost,Transmission Leakage Rate,0.0014003100832469144,0.0015841477731293899,-0.0001432972514971629,0.003078976396786303,0.0014003100832469144,0.0015841477731293899,0.0001432972514971629,0.003078976396786303
Fresno,Pipeline,Total GHG Cost,Transmission Length,,,-2.220446049250313e-16,,,,2.220446049250313e-16,
Miami,Gas Truck,Total Cost,Stations,0.8634879554713747,0.8356478277745468,0.8736980263966957,0.13967680630225857,0.8634879554713747,0.8356478277745468,0.8736980263966957,0.13967680630225857
Miami,Gas Truck,Total Cost,Utilization,-0.8301713432819967,-0.8352784150447842,-0.0033637677481622164,0.013033325096039678,0.8301713432819967,0.8352784150447842,0.0033637677481622164,0.013033325096039678
Miami,Gas Truck,Total Cost,Electricity Cost,0.3476969660131937,0.3742149218981492,0.3655726073396628,0.8817766162392578,0.3476969660131937,0.3742149218981492,0.3655726073396628,0.8817766162392578
Miami,Gas Truck,Total Cost,Station Capital Cost,0.28502182920104374,0.2744318099003181,0.2950449915934826,0.804262177447805,0.28502182920104374,0.2744318099003181,0.2950449915934826,0.804262177447805
Miami,Gas Truck,Total Cost,Fuel Price,0.08928869950639774,0.09277454905574549,0.09414901732933352,0.4340699842795786,0.08928869950639774,0.09277454905574549,0.09414901732933352,0.4340699842795786
Miami,Gas Truck,Total Cost,Compression Efficiency,-0.08054077369049313,-0.08634797482747975,-0.08181994538308486,-0.3859794774961512,0.08054077369049313,0.08634797482747975,0.08181994538308486,0.3859794774961512
Miami,Gas Truck,Total Cost,Cab Cost,0.0479965373289662,0.05176027798960278,0.0583583070757575,0.29591570091566716,0.0479965373289662,0.05176027798960278,0.0583583070757575,0.29591570091566716
Miami,Gas Truck,Total Cost,Transmission Leakage Rate,0.04322611866895595,0.04105728871678998,0.027354891047625424,0.131144902750614,0.04322611866895595,0.04105728871678998,0.027354891047625424,0.131144902750614
Miami,Gas Truck,Total Cost,Fuel Economy,-0.041030300527360945,-0.04199682506396825,-0.04528630830592546,-0.2230977421315336,0.041030300527360945,0.04199682506396825,0.04528630830592546,0.2230977421315336
Miami,Gas Truck,Total Cost,Pipeline Capital Cost,0.021900184684780468,0.02305414176254142,0.0024065236573247014,0.0029314175185057067,0.021900184684780468,0.02305414176254142,0.0024065236573247014,0.0029314175185057067
Miami,Gas Truck,Total Cost,Station Leakage Rate,0.01708061760928072,0.02041056451241251,0.010121364273889412,0.06681352302364563,0.01708061760928072,0.02041056451241251,0.010121364273889412,0.06681352302364563
Miami,Gas Truck,Total Cost,Liquefaction Efficiency,-0.012739951258985001,-0.015229187648291877,0.0004777854019022459,0.0019511543068765525,0.012739951258985001,0.015229187648291877,0.0004777854019022459,0.0019511543068765525
Miami,Gas Truck,Total Cost,Compression Capital Cost,0.011506186162477231,0.013758837377588373,0.009724975076527516,0.05557353923380646,0.011506186162477231,0.013758837377588373,0.009724975076527516,0.05557353923380646
Miami,Gas Truck,Total Cost,Distribution Leakage Rate,0.008977616285313107,0.004657267510580551,0.004662857341197248,9.264336918022006e-05,0.008977616285313107,0.004657267510580551,0.004662857341197248,9.264336918022006e-05
Miami,Gas Truck,Total Cost,Liquefaction Capital Cost,-0.007655570280934591,-0.007719905297199053,-0.0007640647430101452,-0.0068160819547350175,0.007655570280934591,0.007719905297199053,0.0007640647430101452,0.0068160819547350175
Miami,Gas Truck,Total Cost,Hydrogen Fuel Carbon Intensity,-0.00460847028726835,-0.004322846923228469,-7.855941442774796e-05,-0.012702855986928462,0.00460847028726835,0.004322846923228469,7.855941442774796e-05,0.012702855986928462
Miami,Gas Truck,Total Cost,Electricity Carbon Intensity,0.002214888294959083,0.0022080812260808123,0.0024316851393263385,0.021673747020789974,0.002214888294959083,0.0022080812260808123,0.0024316851393263385,0.021673747020789974
Miami,Gas Truck,Total Cost,Transmission Length,,,-4.996003610813204e-16,,,,4.996003610813204e-16,
Miami,Gas Truck,Total GHG Cost,Electricity Carbon Intensity,0.9973821303833583,0.9974159543901595,0.9983086709578607,0.9999222289805473,0.9973821303833583,0.9974159543901595,0.9983086709578607,0.9999222289805473
Miami,Gas Truck,Total GHG Cost,Hydrogen Fuel Carbon Intensity,0.05731339823691686,0.05623340773033408,0.0683857437484401,0.9832637371718058,0.05731339823691686,0.05623340773033408,0.0683857437484401,0.9832637371718058
Miami,Gas Truck,Total GHG Cost,Cab Cost,0.01798614978173821,0.017877141898771418,7.013626192688252e-05,0.0025524750334846714,0.01798614978173821,0.017877141898771418,7.013626192688252e-05,0.0025524750334846714
Miami,Gas Truck,Total GHG Cost,Transmission Leakage Rate,0.016495003183047814,0.016432940505216785,3.322397639196222e-05,-0.016321128293082184,0.016495003183047814,0.016432940505216785,3.322397639196222e-05,0.016321128293082184
Miami,Gas Truck,Total GHG Cost,Fuel Economy,-0.014982523583229473,-0.01465981307059813,-0.021898986708778805,-0.8670920276749737,0.014982523583229473,0.01465981307059813,0.021898986708778805,0.8670920276749737
Miami,Gas Truck,Total GHG Cost,Compression Efficiency,-0.01392326244451067,-0.013941084715410846,-1.3752616105107576e-05,-8.717374716180508e-05,0.01392326244451067,0.013941084715410846,1.3752616105107576e-05,8.717374716180508e-05
Miami,Gas Truck,Total GHG Cost,Distribution Leakage Rate,-0.009572044751754542,-0.009682869199319594,-5.803004334048852e-05,0.007430652206394629,0.009572044751754542,0.009682869199319594,5.803004334048852e-05,0.007430652206394629
Miami,Gas Truck,Total GHG Cost,Station Leakage Rate,0.009243154097276815,0.009094739055757665,-6.969246796762855e-05,-0.01591423441762466,0.009243154097276815,0.009094739055757665,6.969246796762855e-05,0.01591423441762466
Miami,Gas Truck,Total GHG Cost,Pipeline Capital Cost,-0.006485528507238519,-0.006450206812502068,-6.853587426492508e-05,-0.007506083677812931,0.006485528507238519,0.006450206812502068,6.853587426492508e-05,0.007506083677812931
Miami,Gas Truck,Total GHG Cost,Utilization,0.0049420789739457755,0.005384390333843903,0.00023579329195954485,0.014148444236359858,0.0049420789739457755,0.005384390333843903,0.00023579329195954485,0.014148444236359858
Miami,Gas Truck,Total GHG Cost,Fuel Price,0.002944029084726642,0.0028926177409261773,-4.844517724704411e-05,0.0005241896394518565,0.002944029084726642,0.0028926177409261773,4.844517724704411e-05,0.0005241896394518565
Miami,Gas Truck,Total GHG Cost,Liquefaction Capital Cost,0.002837759428029682,0.002900286893002869,7.195200643094866e-05,0.014854209319735828,0.002837759428029682,0.002900286893002869,7.195200643094866e-05,0.014854209319735828
Miami,Gas Truck,Total GHG Cost,Stations,-0.002834453247918895,-0.0056997204075459555,0.0002031987323380934,0.01355046877101105,0.002834453247918895,0.0056997204075459555,0.0002031987323380934,0.01355046877101105
Miami,Gas Truck,Total GHG Cost,Liquefaction Efficiency,0.002557379097062299,0.0026634516626345165,-7.801120048435139e-05,-0.008847252400471226,0.002557379097062299,0.0026634516626345165,7.801120048435139e-05,0.008847252400471226
Miami,Gas Truck,Total GHG Cost,Electricity Cost,-0.001863016768558886,-0.0017437591134375912,0.00015694157478506412,0.010456353960221399,0.001863016768558886,0.0017437591134375912,0.00015694157478506412,0.010456353960221399
Miami,Gas Truck,Total GHG Cost,Station Capital Cost,-0.00020614140149473995,-0.00029127935091279353,-4.625701376481472e-05,-0.000727546472530193,0.00020614140149473995,0.00029127935091279353,4.625701376481472e-05,0.000727546472530193
Miami,Gas Truck,Total GHG Cost,Compression Capital Cost,0.00011686902781911178,-0.00016502366565023665,5.837155526208266e-05,-0.009009065881656519,0.00011686902781911178,0.00016502366565023665,5.837155526208266e-05,0.009009065881656519
Miami,Gas Truck,Total GHG Cost,Transmission Length,,,1.249000902703301e-16,,,,1.249000902703301e-16,
Miami,Liquid Truck,Total Cost,Electricity Cost,0.7464405333247335,0.7567432273994322,0.755590005722444,0.9593668235864373,0.7464405333247335,0.7567432273994322,0.755590005722444,0.9593668235864373
Miami,Liquid Truck,Total Cost,Stations,0.5160983670877228,0.47825513881191406,0.5379340276750991,0.08447222365779841,0.5160983670877228,0.47825513881191406,0.5379340276750991,0.08447222365779841
Miami,Liquid Truck,Total Cost,Utilization,-0.49752035904404995,-0.47796242430362423,-0.00024407150105384967,0.015106584301196636,0.49752035904404995,0.47796242430362423,0.00024407150105384967,0.015106584301196636
Miami,Liquid Truck,Total Cost,Liquefaction Efficiency,-0.2607359969241933,-0.249187599259876,-0.24788878133905579,-0.7230769877025734,0.2607359969241933,0.249187599259876,0.24788878133905579,0.7230769877025734
Miami,Liquid Truck,Total Cost,Liquefaction Capital Cost,0.21693123234078338,0.20704940913049408,0.22159988157014623,0.6847540686722356,0.21693123234078338,0.20704940913049408,0.22159988157014623,0.6847540686722356
Miami,Liquid Truck,Total Cost,Station Capital Cost,0.1776471606465704,0.16872238296722383,0.1735893043804154,0.5879966210453982,0.1776471606465704,0.16872238296722383,0.1735893043804154,0.5879966210453982
Miami,Liquid Truck,Total Cost,Distribution Leakage Rate,0.04550233321595214,0.044942289318231854,0.040414255175344756,0.18584164452340074,0.04550233321595214,0.044942289318231854,0.040414255175344756,0.18584164452340074
Miami,Liquid Truck,Total Cost,Pipeline Capital Cost,0.02943566438656718,0.02958846313988463,0.0020723669951269574,0.004929196073577781,0.02943566438656718,0.02958846313988463,0.0020723669951269574,0.004929196073577781
Miami,Liquid Truck,Total Cost,Transmission Leakage Rate,0.021959378249448873,0.020583019112138938,0.03911145152550109,0.15052219640901598,0.021959378249448873,0.020583019112138938,0.03911145152550109,0.15052219640901598
Miami,Liquid Truck,Total Cost,Fuel Price,0.018468473805510893,0.020934185393341853,0.015561770983106425,0.08692113302847401,0.018468473805510893,0.020934185393341853,0.015561770983106425,0.08692113302847401
Miami,Liquid Truck,Total Cost,Station Leakage Rate,0.01650419394315825,0.015128352470645076,0.008770869094703497,0.0420171673023933,0.01650419394315825,0.015128352470645076,0.008770869094703497,0.0420171673023933
Miami,Liquid Truck,Total Cost,Fuel Economy,-0.008589215796481975,-0.008766977775669777,-0.005633817395372919,-0.029701594338965076,0.008589215796481975,0.008766977775669777,0.005633817395372919,0.029701594338965076
Miami,Liquid Truck,Total Cost,Compression Efficiency,0.0038373071668029632,0.0015823639718236396,0.0016552883993977343,-0.0015508440177899516,0.0038373071668029632,0.0015823639718236396,0.0016552883993977343,0.0015508440177899516
Miami,Liquid Truck,Total Cost,Cab Cost,0.002777490551646185,0.004344393523443935,0.01885402469339368,0.09375575931118182,0.002777490551646185,0.004344393523443935,0.01885402469339368,0.09375575931118182
Miami,Liquid Truck,Total Cost,Electricity Carbon Intensity,-0.0027676770370105653,-0.0003871264598712646,0.0001993977511057183,0.016903422682286336,0.0027676770370105653,0.0003871264598712646,0.0001993977511057183,0.016903422682286336
Miami,Liquid Truck,Total Cost,Commpression Capital Cost,0.0011265169546857232,0.0032064013520640136,0.0008441781431708349,0.0113694457127918,0.0011265169546857232,0.0032064013520640136,0.0008441781431708349,0.0113694457127918
Miami,Liquid Truck,Total Cost,Hydrogen Fuel Carbon Intensity,-0.0004328821963746059,-0.002692039694920397,0.00037808714643551995,-0.016794520833711545,0.0004328821963746059,0.002692039694920397,0.00037808714643551995,0.016794520833711545
Miami,Liquid Truck,Total Cost,Transmission Length,,,9.71445146547012e-17,,,,9.71445146547012e-17,
Miami,Liquid Truck,Total GHG Cost,Electricity Carbon Intensity,0.999983466855249,0.9999821678198216,1.0000571999877106,0.9999986350092768,0.999983466855249,0.9999821678198216,1.0000571999877106,0.9999986350092768
Miami,Liquid Truck,Total GHG Cost,Cab Cost,0.017431123552953048,0.01737937504179375,5.7636257297264525e-06,0.007358519060696572,0.017431123552953048,0.01737937504179375,5.7636257297264525e-06,0.007358519060696572
Miami,Liquid Truck,Total GHG Cost,Compression Efficiency,-0.01331555980446757,-0.013332655477326556,-1.2095959374472957e-06,0.012962455767661253,0.01331555980446757,0.013332655477326556,1.2095959374472957e-06,0.012962455767661253
Miami,Liquid Truck,Total GHG Cost,Distribution Leakage Rate,-0.007243703009535338,-0.007164039839769351,3.7850758360952844e-07,-0.003253560790424225,0.007243703009535338,0.007164039839769351,3.7850758360952844e-07,0.003253560790424225
Miami,Liquid Truck,Total GHG Cost,Hydrogen Fuel Carbon Intensity,-0.005778047614875269,-0.005678599988786,0.005439045798345645,0.9570462827762253,0.005778047614875269,0.005678599988786,0.005439045798345645,0.9570462827762253
Miami,Liquid Truck,Total GHG Cost,Fuel Economy,0.005585543329641777,0.00566831804068318,-0.001738413500542059,-0.7257967530870185,0.005585543329641777,0.00566831804068318,0.001738413500542059,0.7257967530870185
Miami,Liquid Truck,Total GHG Cost,Pipeline Capital Cost,-0.005290743343297107,-0.005269923280699233,-5.691842061939939e-06,-0.016647259654395338,0.005290743343297107,0.005269923280699233,5.691842061939939e-06,0.016647259654395338
Miami,Liquid Truck,Total GHG Cost,Utilization,0.004510511185216888,0.004742636207426362,1.857539394627128e-05,0.008343803461329267,0.004510511185216888,0.004742636207426362,1.857539394627128e-05,0.008343803461329267
Miami,Liquid Truck,Total GHG Cost,Transmission Leakage Rate,0.0035987963324781496,0.00370082577106377,-6.579518290567313e-06,-0.004548022280011069,0.0035987963324781496,0.00370082577106377,6.579518290567313e-06,0.004548022280011069
Miami,Liquid Truck,Total GHG Cost,Liquefaction Efficiency,0.0034800293509198955,0.0035727714357277145,-5.8694739812456665e-06,-0.007444953462835281,0.0034800293509198955,0.0035727714357277145,5.8694739812456665e-06,0.007444953462835281
Miami,Liquid Truck,Total GHG Cost,Liquefaction Capital Cost,0.0032173635876315233,0.0031449311594493115,5.838087056498725e-06,0.00825221854026527,0.0032173635876315233,0.0031449311594493115,5.838087056498725e-06,0.00825221854026527
Miami,Liquid Truck,Total GHG Cost,Fuel Price,0.0025810531629820955,0.0024955810569558105,-3.8954808824858785e-06,0.0031671147261504327,0.0025810531629820955,0.0024955810569558105,3.8954808824858785e-06,0.0031671147261504327
Miami,Liquid Truck,Total GHG Cost,Electricity Cost,-0.002360899211789253,-0.0022136485661364857,1.226388044245194e-05,0.007384763997250075,0.002360899211789253,0.0022136485661364857,1.226388044245194e-05,0.007384763997250075
Miami,Liquid Truck,Total GHG Cost,Stations,-0.002306253277493109,-0.005088993926838871,1.5885043624925197e-05,0.008560990078679389,0.002306253277493109,0.005088993926838871,1.5885043624925197e-05,0.008560990078679389
Miami,Liquid Truck,Total GHG Cost,Commpression Capital Cost,0.000850156022370993,0.0007199552471995525,4.5553002110720845e-06,0.00192457728047942,0.000850156022370993,0.0007199552471995525,4.5553002110720845e-06,0.00192457728047942
Miami,Liquid Truck,Total GHG Cost,Station Leakage Rate,0.0005517559684527113,0.00043232902636219987,-4.500790117438835e-06,0.004071932834970048,0.0005517559684527113,0.00043232902636219987,4.500790117438835e-06,0.004071932834970048
Miami,Liquid Truck,Total GHG Cost,Station Capital Cost,0.00043065634626417626,0.00026999748269997484,-3.5684903345027747e-06,-0.013047813082727247,0.00043065634626417626,0.00026999748269997484,3.5684903345027747e-06,0.013047813082727247
Miami,Liquid Truck,Total GHG Cost,Transmission Length,,,1.6653345369377348e-16,,,,1.6653345369377348e-16,
Miami,Pipeline,Total Cost,Stations,0.9807205898861766,0.9769105925143031,0.8188904810542015,0.3936815633532799,0.9807205898861766,0.9769105925143031,0.8188904810542015,0.3936815633532799
Miami,Pipeline,Total Cost,Utilization,-0.9560065110636566,-0.9763967055048962,-0.1736001503656919,0.036696824629521285,0.9560065110636566,0.9763967055048962,0.1736001503656919,0.036696824629521285
Miami,Pipeline,Total Cost,Electricity Cost,0.12735930455708638,0.14601593954059744,0.15110835251659485,0.9053205236108192,0.12735930455708638,0.14601593954059744,0.15110835251659485,0.9053205236108192
Miami,Pipeline,Total Cost,Station Capital Cost,0.09639119768951669,0.09659762968826609,0.10622006647658447,0.7978162906295949,0.09639119768951669,0.09659762968826609,0.10622006647658447,0.7978162906295949
Miami,Pipeline,Total Cost,Pipeline Capital Cost,0.015967614251688845,0.018257548940630263,0.00025754908976050804,0.0034187227162862243,0.015967614251688845,0.018257548940630263,0.00025754908976050804,0.0034187227162862243
Miami,Pipeline,Total Cost,Pipeline Capital Cost_1,0.015967614251688845,0.018257548940630263,0.0002575490897605767,0.0034187227162862243,0.015967614251688845,0.018257548940630263,0.0002575490897605767,0.0034187227162862243
Miami,Pipeline,Total Cost,Pipeline Capital Cost_2,0.015967614251688845,0.018257548940630263,0.00025754908976061093,0.0034187227216931986,0.015967614251688845,0.018257548940630263,0.00025754908976061093,0.0034187227216931986
Miami,Pipeline,Total Cost,Cab Cost,-0.01184151646079006,-0.013052721982566379,1.158655289505481e-05,0.01911084877006838,0.01184151646079006,0.013052721982566379,1.158655289505481e-05,0.01911084877006838
Miami,Pipeline,Total Cost,Station Leakage Rate,0.011175924788108789,0.0120721004624875,0.0017111390613114405,0.03700989167206002,0.011175924788108789,0.0120721004624875,0.0017111390613114405,0.03700989167206002
Miami,Pipeline,Total Cost,Compression Efficiency,-0.010621370481268136,-0.011473093884765358,-0.010163379308388966,-0.13698873936414235,0.010621370481268136,0.011473093884765358,0.010163379308388966,0.13698873936414235
Miami,Pipeline,Total Cost,Liquefaction Efficiency,-0.009412071614380497,-0.011498513167019627,-4.8324838634509636e-05,0.0035559135968862123,0.009412071614380497,0.011498513167019627,4.8324838634509636e-05,0.0035559135968862123
Miami,Pipeline,Total Cost,Liquefaction Capital Cost,-0.007201288563095238,-0.006400774132026944,-0.00033563426235555115,-0.0020360049791289217,0.007201288563095238,0.006400774132026944,0.00033563426235555115,0.0020360049791289217
Miami,Pipeline,Total Cost,Distribution Leakage Rate,-0.007000003845089278,-0.011575115756133136,0.0017401130375693796,0.011157805607824067,0.007000003845089278,0.011575115756133136,0.0017401130375693796,0.011157805607824067
Miami,Pipeline,Total Cost,Transmission Leakage Rate,0.006729776485974592,0.005645243188870099,0.0005513909959120881,0.01378521751136089,0.006729776485974592,0.005645243188870099,0.0005513909959120881,0.01378521751136089
Miami,Pipeline,Total Cost,Fuel Economy,0.006371398780828789,0.007951793815541794,0.0004677483386768712,0.0032132545615216907,0.006371398780828789,0.007951793815541794,0.0004677483386768712,0.0032132545615216907
Miami,Pipeline,Total Cost,Hydrogen Fuel Carbon Intensity,-0.0056966524179546665,-0.004901222851026932,0.00018897478578213547,-0.02124549645339988,0.0056966524179546665,0.004901222851026932,0.00018897478578213547,0.02124549645339988
Miami,Pipeline,Total Cost,Electricity Carbon Intensity,-0.0020492395065166823,-0.0055948515199653,0.0007454631894094753,-0.005902421905702584,0.0020492395065166823,0.0055948515199653,0.0007454631894094753,0.005902421905702584
Miami,Pipeline,Total Cost,Compression Capital Cost,0.000161338877231353,0.0010666430326696302,0.0011009392191231597,0.02159227715807493,0.000161338877231353,0.0010666430326696302,0.0011009392191231597,0.02159227715807493
Miami,Pipeline,Total Cost,Transmission Length,,,0.0,,,,0.0,
Miami,Pipeline,Total GHG Cost,Electricity Carbon Intensity,0.9946843822875423,0.9950209466782095,0.9939591213322713,0.9987872072472618,0.9946843822875423,0.9950209466782095,0.9939591213322713,0.9987872072472618
Miami,Pipeline,Total GHG Cost,Compression Efficiency,-0.07228946698745803,-0.07037564650375647,-0.05902517469081022,-0.7586620563855583,0.07228946698745803,0.07037564650375647,0.05902517469081022,0.7586620563855583
Miami,Pipeline,Total GHG Cost,Electricity Cost,-0.05031061268974867,-0.04843334405233344,-0.046765521434244214,-0.6773540995105828,0.05031061268974867,0.04843334405233344,0.046765521434244214,0.6773540995105828
Miami,Pipeline,Total GHG Cost,Stations,0.04759466163342697,0.04225218547330222,0.03361633691996993,0.038279104748305925,0.04759466163342697,0.04225218547330222,0.03361633691996993,0.038279104748305925
Miami,Pipeline,Total GHG Cost,Utilization,-0.04460967167672694,-0.04256276695762767,-0.01556381383603723,0.008720693746968426,0.04460967167672694,0.04256276695762767,0.01556381383603723,0.008720693746968426
Miami,Pipeline,Total GHG Cost,Cab Cost,0.015943858319679295,0.016131976709319765,-0.0006132204330796286,-0.005976969279898963,0.015943858319679295,0.016131976709319765,0.0006132204330796286,0.005976969279898963
Miami,Pipeline,Total GHG Cost,Station Leakage Rate,0.010849215340760736,0.010923604954611444,0.0008153934780571875,0.019509246666582682,0.010849215340760736,0.010923604954611444,0.0008153934780571875,0.019509246666582682
Miami,Pipeline,Total GHG Cost,Hydrogen Fuel Carbon Intensity,-0.01038225367893056,-0.010564186401641864,0.0006507141924736986,0.005522354001300256,0.01038225367893056,0.010564186401641864,0.0006507141924736986,0.005522354001300256
Miami,Pipeline,Total GHG Cost,Fuel Economy,0.007652487133146478,0.00786419497864195,-0.00029424430776588866,-0.0045632123008071,0.007652487133146478,0.00786419497864195,0.00029424430776588866,0.0045632123008071
Miami,Pipeline,Total GHG Cost,Pipeline Capital Cost,-0.004400569437841968,-0.004902079861020798,0.00013042285725993683,-0.004383158994782287,0.004400569437841968,0.004902079861020798,0.00013042285725993683,0.004383158994782287
Miami,Pipeline,Total GHG Cost,Pipeline Capital Cost_1,-0.004400569437841968,-0.004902079861020798,0.00013042285725991263,-0.004383158994782287,0.004400569437841968,0.004902079861020798,0.00013042285725991263,0.004383158994782287
Miami,Pipeline,Total GHG Cost,Pipeline Capital Cost_2,-0.004400569437841968,-0.004902079861020798,0.0001304228572598955,-0.0043831590109218435,0.004400569437841968,0.004902079861020798,0.0001304228572598955,0.0043831590109218435
Miami,Pipeline,Total GHG Cost,Liquefaction Efficiency,0.004231565125850165,0.0043055173870551735,0.00031382012041429147,0.00753232306526637,0.004231565125850165,0.0043055173870551735,0.00031382012041429147,0.00753232306526637
Miami,Pipeline,Total GHG Cost,Transmission Leakage Rate,0.003278869808847732,0.003230393179144882,-0.001186306584668311,-0.01873777988534323,0.003278869808847732,0.003230393179144882,0.001186306584668311,0.01873777988534323
Miami,Pipeline,Total GHG Cost,Liquefaction Capital Cost,0.002901969015917568,0.003062072610620726,-0.00011757992456163436,0.00179529089162224,0.002901969015917568,0.003062072610620726,0.00011757992456163436,0.00179529089162224
Miami,Pipeline,Total GHG Cost,Distribution Leakage Rate,-0.0025212972255182825,-0.0028820008189064683,0.001870103825026314,0.03425604832262355,0.0025212972255182825,0.0028820008189064683,0.001870103825026314,0.03425604832262355
Miami,Pipeline,Total GHG Cost,Station Capital Cost,-0.0009640480829604177,-0.0009448449934484499,0.00030553450764530323,0.006460957135800438,0.0009640480829604177,0.0009448449934484499,0.00030553450764530323,0.006460957135800438
Miami,Pipeline,Total GHG Cost,Compression Capital Cost,0.0009329193832641352,0.0006094280580942805,0.00032926341039673596,0.00222600122595823,0.0009329193832641352,0.0006094280580942805,0.00032926341039673596,0.00222600122595823
Miami,Pipeline,Total GHG Cost,Transmission Length,,,5.551115123125783e-17,,,,5.551115123125783e-17,
New Haven,Gas Truck,Total Cost,Stations,0.8509822329551631,0.8326962912330361,0.9229792550286728,0.849961484368436,0.8509822329551631,0.8326962912330361,0.9229792550286728,0.849961484368436
New Haven,Gas Truck,Total Cost,Utilization,-0.782599369049429,-0.7830783245947832,0.062481186837296254,0.20181837855452686,0.782599369049429,0.7830783245947832,0.062481186837296254,0.20181837855452686
New Haven,Gas Truck,Total Cost,Electricity Cost,0.3551998892162852,0.3793015286890153,0.3732337527436965,0.9124920392847026,0.3551998892162852,0.3793015286890153,0.3732337527436965,0.9124920392847026
New Haven,Gas Truck,Total Cost,Station Capital Cost,0.31527832822915,0.3049659197776592,0.32376985004315584,0.8693868083387852,0.31527832822915,0.3049659197776592,0.32376985004315584,0.8693868083387852
New Haven,Gas Truck,Total Cost,Compression Efficiency,-0.07641625587776255,-0.08006807715268077,-0.07934719977411822,-0.4211733863092538,0.07641625587776255,0.08006807715268077,0.07934719977411822,0.4211733863092538
New Haven,Gas Truck,Total Cost,Fuel Price,0.07304877929646411,0.07376281382962814,0.07521115369754819,0.4041678986963079,0.07304877929646411,0.07376281382962814,0.07521115369754819,0.4041678986963079
New Haven,Gas Truck,Total Cost,Cab Cost,0.05720712801052351,0.057287730236877304,0.06685959850747346,0.36493460733271044,0.05720712801052351,0.057287730236877304,0.06685959850747346,0.36493460733271044
New Haven,Gas Truck,Total Cost,Compression Capital Cost,0.03585829707766714,0.037752436601524365,0.036264258549317474,0.21579657167282806,0.03585829707766714,0.037752436601524365,0.036264258549317474,0.21579657167282806
New Haven,Gas Truck,Total Cost,Fuel Economy,-0.03541363109600082,-0.03552038347920383,-0.03681320413226468,-0.21173917784569987,0.03541363109600082,0.03552038347920383,0.03681320413226468,0.21173917784569987
New Haven,Gas Truck,Total Cost,Transmission Leakage Rate,0.02028145532546817,0.0188554798525548,0.00561961528285764,0.03359854774950055,0.02028145532546817,0.0188554798525548,0.00561961528285764,0.03359854774950055
New Haven,Gas Truck,Total Cost,Pipeline Capital Cost,0.017087079325377653,0.0168789100807891,0.0017455415045444357,0.0014374410888353328,0.017087079325377653,0.0168789100807891,0.0017455415045444357,0.0014374410888353328
New Haven,Gas Truck,Total Cost,Station Leakage Rate,0.014923913330917244,0.017302265999593634,0.005914245311855215,0.05524528984693349,0.014923913330917244,0.017302265999593634,0.005914245311855215,0.05524528984693349
New Haven,Gas Truck,Total Cost,Liquefaction Efficiency,-0.013201304598189073,-0.015337786137377862,0.00012544368188582142,-0.0022808499431598334,0.013201304598189073,0.015337786137377862,0.00012544368188582142,0.0022808499431598334
New Haven,Gas Truck,Total Cost,Distribution Leakage Rate,0.010044351858806946,0.005101669479690115,0.003981815573112911,-0.008895556490242776,0.010044351858806946,0.005101669479690115,0.003981815573112911,0.008895556490242776
New Haven,Gas Truck,Total Cost,Liquefaction Capital Cost,-0.00732656775051997,-0.007139651255396512,-0.00040685867413490525,-0.007976866483202843,0.00732656775051997,0.007139651255396512,0.00040685867413490525,0.007976866483202843
New Haven,Gas Truck,Total Cost,Hydrogen Fuel Carbon Intensity,-0.006068473255688255,-0.006350459319504593,-0.0003251420080598613,-0.010081074889788632,0.006068473255688255,0.006350459319504593,0.0003251420080598613,0.010081074889788632
New Haven,Gas Truck,Total Cost,Electricity Carbon Intensity,-0.0016774609564191726,-0.0017854155178541552,0.0018537457059713378,0.012503109292732526,0.0016774609564191726,0.0017854155178541552,0.0018537457059713378,0.012503109292732526
New Haven,Gas Truck,Total Cost,Transmission Length,,,-2.7755575615628914e-16,,,,2.7755575615628914e-16,
New Haven,Gas Truck,Total GHG Cost,Electricity Carbon Intensity,0.9982242604521184,0.9982348218343482,0.99898853288672,0.999943131190355,0.9982242604521184,0.9982348218343482,0.99898853288672,0.999943131190355
New Haven,Gas Truck,Total GHG Cost,Hydrogen Fuel Carbon Intensity,0.045031791764444565,0.044387776427877765,0.05613440069027762,0.9820022259485942,0.045031791764444565,0.044387776427877765,0.05613440069027762,0.9820022259485942
New Haven,Gas Truck,Total GHG Cost,Cab Cost,0.017877170479782073,0.01777491310574913,4.715083086897732e-05,0.0009564194312783019,0.017877170479782073,0.01777491310574913,4.715083086897732e-05,0.0009564194312783019
New Haven,Gas Truck,Total GHG Cost,Transmission Leakage Rate,0.016544824424436784,0.01652898878128989,5.3671802839172255e-06,-0.017282748960045346,0.016544824424436784,0.01652898878128989,5.3671802839172255e-06,0.017282748960045346
New Haven,Gas Truck,Total GHG Cost,Compression Efficiency,-0.013769483416760507,-0.013796107613961077,2.997582046823376e-05,0.0034661375340708112,0.013769483416760507,0.013796107613961077,2.997582046823376e-05,0.0034661375340708112
New Haven,Gas Truck,Total GHG Cost,Fuel Economy,-0.011346151321909796,-0.011116934367169344,-0.01834525311002766,-0.8630826852491309,0.011346151321909796,0.011116934367169344,0.01834525311002766,0.8630826852491309
New Haven,Gas Truck,Total GHG Cost,Distribution Leakage Rate,-0.009886770837859311,-0.010020974003532508,-8.237494908285317e-05,0.0027071451363701892,0.009886770837859311,0.010020974003532508,8.237494908285317e-05,0.0027071451363701892
New Haven,Gas Truck,Total GHG Cost,Station Leakage Rate,0.00930181972961333,0.009147453283776398,-3.9502328511649486e-05,-0.016301927362982305,0.00930181972961333,0.009147453283776398,3.9502328511649486e-05,0.016301927362982305
New Haven,Gas Truck,Total GHG Cost,Pipeline Capital Cost,-0.006287527420552495,-0.006271429130714291,-8.661449775919779e-05,-0.011449296001558017,0.006287527420552495,0.006271429130714291,8.661449775919779e-05,0.011449296001558017
New Haven,Gas Truck,Total GHG Cost,Stations,-0.0062272977899249385,-0.006982083268160428,3.755515750957182e-05,0.012639033223905291,0.0062272977899249385,0.006982083268160428,3.755515750957182e-05,0.012639033223905291
New Haven,Gas Truck,Total GHG Cost,Utilization,0.00484089975323984,0.005213808316138083,4.555662031419799e-05,0.01587265568821476,0.00484089975323984,0.005213808316138083,4.555662031419799e-05,0.01587265568821476
New Haven,Gas Truck,Total GHG Cost,Fuel Price,0.0028754830858151123,0.002792403675924037,-3.720378482272095e-05,-0.0016186173132190116,0.0028754830858151123,0.002792403675924037,3.720378482272095e-05,0.0016186173132190116
New Haven,Gas Truck,Total GHG Cost,Liquefaction Capital Cost,0.0028613093362020456,0.002883189892831899,7.97973953393506e-06,0.008178379777710803,0.0028613093362020456,0.002883189892831899,7.97973953393506e-06,0.008178379777710803
New Haven,Gas Truck,Total GHG Cost,Liquefaction Efficiency,0.002744170580205838,0.0029027289650272897,-5.7016335213464765e-05,-0.0025662292684565735,0.002744170580205838,0.0029027289650272897,5.7016335213464765e-05,0.0025662292684565735
New Haven,Gas Truck,Total GHG Cost,Electricity Cost,-0.0019517818935111573,-0.001797410297974103,0.00013353028122835268,0.013336223117875995,0.0019517818935111573,0.001797410297974103,0.00013353028122835268,0.013336223117875995
New Haven,Gas Truck,Total GHG Cost,Compression Capital Cost,0.0002688500455952388,5.869653658696537e-05,5.712507775286523e-05,-0.0030965837042322567,0.0002688500455952388,5.869653658696537e-05,5.712507775286523e-05,0.0030965837042322567
New Haven,Gas Truck,Total GHG Cost,Station Capital Cost,-4.037170184837881e-05,-0.00012363642123636422,8.863144798036234e-06,0.004880929652252149,4.037170184837881e-05,0.00012363642123636422,8.863144798036234e-06,0.004880929652252149
New Haven,Gas Truck,Total GHG Cost,Transmission Length,,,-1.1102230246251565e-16,,,,1.1102230246251565e-16,
New Haven,Liquid Truck,Total Cost,Electricity Cost,0.739030071836311,0.748697198710972,0.7481876734761876,0.9633538454477025,0.739030071836311,0.748697198710972,0.7481876734761876,0.9633538454477025
New Haven,Liquid Truck,Total Cost,Stations,0.5163166974533931,0.48703248999057663,0.5517011022721469,0.600025661713372,0.5163166974533931,0.48703248999057663,0.5517011022721469,0.600025661713372
New Haven,Liquid Truck,Total Cost,Utilization,-0.47871121143483275,-0.4604996701529967,0.014475561407607168,0.040929971670482415,0.47871121143483275,0.4604996701529967,0.014475561407607168,0.040929971670482415
New Haven,Liquid Truck,Total Cost,Liquefaction Efficiency,-0.2573065305420853,-0.2465995808099958,-0.2442904105017388,-0.7422438222423128,0.2573065305420853,0.2465995808099958,0.2442904105017388,0.7422438222423128
New Haven,Liquid Truck,Total Cost,Liquefaction Capital Cost,0.22989926480941456,0.21963576320435763,0.23500235516977194,0.7288228058826262,0.22989926480941456,0.21963576320435763,0.23500235516977194,0.7288228058826262
New Haven,Liquid Truck,Total Cost,Station Capital Cost,0.19648146159922283,0.18703732229837322,0.19207594162539765,0.6523739973528636,0.19648146159922283,0.18703732229837322,0.19207594162539765,0.6523739973528636
New Haven,Liquid Truck,Total Cost,Distribution Leakage Rate,0.036455071013554344,0.036720656815206566,0.03308740362442991,0.16730735527751847,0.036455071013554344,0.036720656815206566,0.03308740362442991,0.16730735527751847
New Haven,Liquid Truck,Total Cost,Cab Cost,0.02733887873380078,0.026923510769235107,0.043600735875013785,0.2039193305508511,0.02733887873380078,0.026923510769235107,0.043600735875013785,0.2039193305508511
New Haven,Liquid Truck,Total Cost,Pipeline Capital Cost,0.026300086443026945,0.02586737890267379,0.0016045945393354294,0.003433690214134087,0.026300086443026945,0.02586737890267379,0.0016045945393354294,0.003433690214134087
New Haven,Liquid Truck,Total Cost,Transmission Leakage Rate,0.017641826966761958,0.016801620324016203,0.031908197427862085,0.13203570520206553,0.017641826966761958,0.016801620324016203,0.031908197427862085,0.13203570520206553
New Haven,Liquid Truck,Total Cost,Fuel Price,0.01696997144360051,0.01903562705835627,0.012961277966884269,0.07717855977336503,0.01696997144360051,0.01903562705835627,0.012961277966884269,0.07717855977336503
New Haven,Liquid Truck,Total Cost,Station Leakage Rate,0.016035324071308484,0.014683730714837306,0.007172690731483257,0.03573343092951414,0.016035324071308484,0.014683730714837306,0.007172690731483257,0.03573343092951414
New Haven,Liquid Truck,Total Cost,Fuel Economy,-0.008879851821515019,-0.00861279206612792,-0.004358886034729228,-0.023583369266035874,0.008879851821515019,0.00861279206612792,0.004358886034729228,0.023583369266035874
New Haven,Liquid Truck,Total Cost,Compression Efficiency,0.004625816908845583,0.002640482618404826,0.0017265451619418218,0.0018235838311459994,0.004625816908845583,0.002640482618404826,0.0017265451619418218,0.0018235838311459994
New Haven,Liquid Truck,Total Cost,Electricity Carbon Intensity,-0.004231601903831951,-0.001961726827617268,9.978382759335938e-05,0.011906965619679537,0.004231601903831951,0.001961726827617268,9.978382759335938e-05,0.011906965619679537
New Haven,Liquid Truck,Total Cost,Hydrogen Fuel Carbon Intensity,-0.0011617006116306434,-0.0032424256404242563,0.0001750993294169708,-0.013638634780678997,0.0011617006116306434,0.0032424256404242563,0.0001750993294169708,0.013638634780678997
New Haven,Liquid Truck,Total Cost,Commpression Capital Cost,-0.0005004545758440699,0.0011452419234524193,0.0005553570318094107,0.011604931576585204,0.0005004545758440699,0.0011452419234524193,0.0005553570318094107,0.011604931576585204
New Haven,Liquid Truck,Total Cost,Transmission Length,,,-5.551115123125783e-17,,,,5.551115123125783e-17,
New Haven,Liquid Truck,Total GHG Cost,Electricity Carbon Intensity,0.999988317900685,0.9999873662078737,1.0000503413884805,0.9999988997900482,0.999988317900685,0.9999873662078737,1.0000503413884805,0.9999988997900482
New Haven,Liquid Truck,Total GHG Cost,Cab Cost,0.017422927140421925,0.017373255473732554,4.8527292205239515e-06,0.009152110143219922,0.017422927140421925,0.017373255473732554,4.8527292205239515e-06,0.009152110143219922
New Haven,Liquid Truck,Total GHG Cost,Compression Efficiency,-0.013306756737634241,-0.013334102209341022,-1.0239202911470513e-06,0.007423144101791566,0.013306756737634241,0.013334102209341022,1.0239202911470513e-06,0.007423144101791566
New Haven,Liquid Truck,Total GHG Cost,Distribution Leakage Rate,-0.007254091046788507,-0.007167747059677471,3.636511955028821e-07,0.0008311339834956816,0.007254091046788507,0.007167747059677471,3.636511955028821e-07,0.0008311339834956816
New Haven,Liquid Truck,Total GHG Cost,Hydrogen Fuel Carbon Intensity,-0.0066467800108279355,-0.006568593317685933,0.004571998295710399,0.9510759751466092,0.0066467800108279355,0.006568593317685933,0.004571998295710399,0.9510759751466092
New Haven,Liquid Truck,Total GHG Cost,Fuel Economy,0.005868051889973182,0.005963841851638419,-0.0014612664025400776,-0.6997736930521385,0.005868051889973182,0.005963841851638419,0.0014612664025400776,0.6997736930521385
New Haven,Liquid Truck,Total GHG Cost,Stations,-0.0058222373129735985,-0.006502509539242343,1.0340654960989597e-05,-0.001171579325423574,0.0058222373129735985,0.006502509539242343,1.0340654960989597e-05,0.001171579325423574
New Haven,Liquid Truck,Total GHG Cost,Pipeline Capital Cost,-0.005274117784397306,-0.005250085912500859,-4.754965487514193e-06,-0.016405741837490457,0.005274117784397306,0.005250085912500859,4.754965487514193e-06,0.016405741837490457
New Haven,Liquid Truck,Total GHG Cost,Utilization,0.004504442995314372,0.004733670383336704,1.2402618729354109e-05,-0.004022560201920036,0.004504442995314372,0.004733670383336704,1.2402618729354109e-05,0.004022560201920036
New Haven,Liquid Truck,Total GHG Cost,Transmission Leakage Rate,0.00361132863788595,0.003715717705157177,-5.590674495502949e-06,-0.0027792165601374474,0.00361132863788595,0.003715717705157177,5.590674495502949e-06,0.0027792165601374474
New Haven,Liquid Truck,Total GHG Cost,Liquefaction Efficiency,0.0034925781691377182,0.003582413495824135,-4.921409850091642e-06,-0.009711772820607412,0.0034925781691377182,0.003582413495824135,4.921409850091642e-06,0.009711772820607412
New Haven,Liquid Truck,Total GHG Cost,Liquefaction Capital Cost,0.003222468639827963,0.0031497972794979727,4.903151412820878e-06,0.008507283419686429,0.003222468639827963,0.0031497972794979727,4.903151412820878e-06,0.008507283419686429
New Haven,Liquid Truck,Total GHG Cost,Fuel Price,0.002575981606823349,0.0024884536448845362,-3.284074334782663e-06,0.002622131916950492,0.002575981606823349,0.0024884536448845362,3.284074334782663e-06,0.002622131916950492
New Haven,Liquid Truck,Total GHG Cost,Electricity Cost,-0.002367620987912397,-0.002212764094127641,1.0306338871403927e-05,0.012165002592907885,0.002367620987912397,0.002212764094127641,1.0306338871403927e-05,0.012165002592907885
New Haven,Liquid Truck,Total GHG Cost,Commpression Capital Cost,0.0008602499916751737,0.0007240447872404478,3.856844646404955e-06,-0.0024575208791632014,0.0008602499916751737,0.0007240447872404478,3.856844646404955e-06,0.0024575208791632014
New Haven,Liquid Truck,Total GHG Cost,Station Leakage Rate,0.0005589821506361011,0.0004395383683953837,-3.7935747680676885e-06,0.004888618098270547,0.0005589821506361011,0.0004395383683953837,3.7935747680676885e-06,0.004888618098270547
New Haven,Liquid Truck,Total GHG Cost,Station Capital Cost,0.0004393937780119434,0.00027859357478593575,-3.012340051814739e-06,-0.014405306892546831,0.0004393937780119434,0.00027859357478593575,3.012340051814739e-06,0.014405306892546831
New Haven,Liquid Truck,Total GHG Cost,Transmission Length,,,1.6653345369377348e-16,,,,1.6653345369377348e-16,
New Haven,Pipeline,Total Cost,Stations,0.951198589606084,0.9389535926417526,0.926753451075931,0.8902052642954412,0.951198589606084,0.9389535926417526,0.926753451075931,0.8902052642954412
New Haven,Pipeline,Total Cost,Utilization,-0.8904077949002028,-0.8886218577902186,-0.028406687143863987,0.19919719567557398,0.8904077949002028,0.8886218577902186,0.028406687143863987,0.19919719567557398
New Haven,Pipeline,Total Cost,Pipeline Capital Cost,0.24441730145507848,0.2585391897293919,0.07826677737639248,0.8430081903859483,0.24441730145507848,0.2585391897293919,0.07826677737639248,0.8430081903859483
New Haven,Pipeline,Total Cost,Pipeline Capital Cost_1,0.24441730145507848,0.2585391897293919,0.07826677737639254,0.8430081903859483,0.24441730145507848,0.2585391897293919,0.07826677737639254,0.8430081903859483
New Haven,Pipeline,Total Cost,Pipeline Capital Cost_2,0.24441730145507848,0.2585391897293919,0.07826677737639257,0.8430081903859733,0.24441730145507848,0.2585391897293919,0.07826677737639257,0.8430081903859733
New Haven,Pipeline,Total Cost,Electricity Cost,0.09466416851816271,0.1298859193948592,0.11200492162785579,0.6714295242561105,0.09466416851816271,0.1298859193948592,0.11200492162785579,0.6714295242561105
New Haven,Pipeline,Total Cost,Station Capital Cost,0.07490583183287583,0.08669177136291771,0.08507284484285574,0.5100286892079577,0.07490583183287583,0.08669177136291771,0.08507284484285574,0.5100286892079577
New Haven,Pipeline,Total Cost,Station Leakage Rate,0.01591671472135969,0.01571233429364185,0.0021911656302179366,0.02047075270802793,0.01591671472135969,0.01571233429364185,0.0021911656302179366,0.02047075270802793
New Haven,Pipeline,Total Cost,Liquefaction Efficiency,-0.014913082368549258,-0.015873069758730696,-0.0025920019022037657,-0.009712193438722603,0.014913082368549258,0.015873069758730696,0.0025920019022037657,0.009712193438722603
New Haven,Pipeline,Total Cost,Cab Cost,-0.012501215974717816,-0.013078899634788997,-0.0013525162644592752,0.0033435154775053413,0.012501215974717816,0.013078899634788997,0.0013525162644592752,0.0033435154775053413
New Haven,Pipeline,Total Cost,Hydrogen Fuel Carbon Intensity,-0.011261749683705254,-0.010253774538537746,-0.0007585989110650854,-0.003082810438503475,0.011261749683705254,0.010253774538537746,0.0007585989110650854,0.003082810438503475
New Haven,Pipeline,Total Cost,Distribution Leakage Rate,-0.009161526296756557,-0.01515668892756689,-0.002149036357190776,-0.025653057596552238,0.009161526296756557,0.01515668892756689,0.002149036357190776,0.025653057596552238
New Haven,Pipeline,Total Cost,Liquefaction Capital Cost,-0.00699700415794723,-0.004893488424934885,0.00019776434070742835,0.006006280376780396,0.00699700415794723,0.004893488424934885,0.00019776434070742835,0.006006280376780396
New Haven,Pipeline,Total Cost,Compression Efficiency,-0.006658776113067362,-0.007553373723533738,-0.003038112650676151,-0.019922694560011302,0.006658776113067362,0.007553373723533738,0.003038112650676151,0.019922694560011302
New Haven,Pipeline,Total Cost,Electricity Carbon Intensity,-0.006474216989484318,-0.008894022148940221,0.0004220599667819789,-0.007349039683668435,0.006474216989484318,0.008894022148940221,0.0004220599667819789,0.007349039683668435
New Haven,Pipeline,Total Cost,Transmission Leakage Rate,0.003795277557588182,0.004134089174379447,0.0006749578888178995,0.005282361278715554,0.003795277557588182,0.004134089174379447,0.0006749578888178995,0.005282361278715554
New Haven,Pipeline,Total Cost,Compression Capital Cost,-0.0031696596203601344,-0.003106431091064311,-0.0001831638170268471,0.0058041205161872035,0.0031696596203601344,0.003106431091064311,0.0001831638170268471,0.0058041205161872035
New Haven,Pipeline,Total Cost,Fuel Economy,0.002671086267793425,0.0035981439599814397,-0.0013271970451493192,-0.010751154960628473,0.002671086267793425,0.0035981439599814397,0.0013271970451493192,0.010751154960628473
New Haven,Pipeline,Total Cost,Transmission Length,,,1.3877787807814457e-17,,,,1.3877787807814457e-17,
New Haven,Pipeline,Total GHG Cost,Electricity Carbon Intensity,0.9982801065751473,0.9983192666511926,0.9975798156674563,0.9997656739786491,0.9982801065751473,0.9983192666511926,0.9975798156674563,0.9997656739786491
New Haven,Pipeline,Total GHG Cost,Compression Efficiency,-0.06245549456116841,-0.06177512743775127,-0.049566362404991064,-0.9145115286954177,0.06245549456116841,0.06177512743775127,0.049566362404991064,0.9145115286954177
New Haven,Pipeline,Total GHG Cost,Pipeline Capital Cost,-0.025346117333415824,-0.02505492903454929,-0.007017784644235293,-0.6930210657516395,0.025346117333415824,0.02505492903454929,0.007017784644235293,0.6930210657516395
New Haven,Pipeline,Total GHG Cost,Pipeline Capital Cost_1,-0.025346117333415824,-0.02505492903454929,-0.007017784644235383,-0.6930210657516395,0.025346117333415824,0.02505492903454929,0.007017784644235383,0.6930210657516395
New Haven,Pipeline,Total GHG Cost,Pipeline Capital Cost_2,-0.025346117333415824,-0.02505492903454929,-0.007017784644235207,-0.6930210657430134,0.025346117333415824,0.02505492903454929,0.007017784644235207,0.6930210657430134
New Haven,Pipeline,Total GHG Cost,Cab Cost,0.01697385466894444,0.016981579621815797,-0.00012188493085815804,-0.001504286291071048,0.01697385466894444,0.016981579621815797,0.00012188493085815804,0.001504286291071048
New Haven,Pipeline,Total GHG Cost,Hydrogen Fuel Carbon Intensity,-0.010623608777234445,-0.010593440061934401,-0.00010002594285388045,-0.007147890198644714,0.010623608777234445,0.010593440061934401,0.00010002594285388045,0.007147890198644714
New Haven,Pipeline,Total GHG Cost,Station Leakage Rate,0.009756981872969698,0.009662185506940707,0.00025080288035982644,0.008778375755559384,0.009756981872969698,0.009662185506940707,0.00025080288035982644,0.008778375755559384
New Haven,Pipeline,Total GHG Cost,Fuel Economy,0.007075335394845325,0.007104983351049834,6.697701160860678e-05,-0.00031149963999097967,0.007075335394845325,0.007104983351049834,6.697701160860678e-05,0.00031149963999097967
New Haven,Pipeline,Total GHG Cost,Utilization,-0.00544953463874724,-0.005014331714143317,-0.0013648357095922866,0.007772713891325543,0.00544953463874724,0.005014331714143317,0.0013648357095922866,0.007772713891325543
New Haven,Pipeline,Total GHG Cost,Stations,0.004815265348641653,0.0038902532814099927,0.009425128224132698,0.14887961769356384,0.004815265348641653,0.0038902532814099927,0.009425128224132698,0.14887961769356384
New Haven,Pipeline,Total GHG Cost,Liquefaction Efficiency,0.004017752978762916,0.004132282913322829,-1.7732745058405422e-05,0.0008432162125906892,0.004017752978762916,0.004132282913322829,1.7732745058405422e-05,0.0008432162125906892
New Haven,Pipeline,Total GHG Cost,Transmission Leakage Rate,0.003547933326923624,0.0034450198749822886,-0.00023687345841047065,-0.0054283698473620015,0.003547933326923624,0.0034450198749822886,0.00023687345841047065,0.0054283698473620015
New Haven,Pipeline,Total GHG Cost,Liquefaction Capital Cost,0.003295247192090949,0.0032949422729494225,-7.256523857430692e-05,-6.444841036068226e-05,0.003295247192090949,0.0032949422729494225,7.256523857430692e-05,6.444841036068226e-05
New Haven,Pipeline,Total GHG Cost,Electricity Cost,-0.0029886987626684945,-0.0028868517648685177,0.00017891679217832009,0.0038736657730518956,0.0029886987626684945,0.0028868517648685177,0.00017891679217832009,0.0038736657730518956
New Haven,Pipeline,Total GHG Cost,Distribution Leakage Rate,-0.0019881613155552655,-0.00221711900217119,0.0017231159045921218,0.07337048902602498,0.0019881613155552655,0.00221711900217119,0.0017231159045921218,0.07337048902602498
New Haven,Pipeline,Total GHG Cost,Compression Capital Cost,0.000927546476895723,0.000588795701887957,0.0002391111443176605,0.001865596886105849,0.000927546476895723,0.000588795701887957,0.0002391111443176605,0.001865596886105849
New Haven,Pipeline,Total GHG Cost,Station Capital Cost,-0.0001788947447870061,-0.00035395735553957354,0.00010431056379158192,0.001244665648167347,0.0001788947447870061,0.00035395735553957354,0.00010431056379158192,0.001244665648167347
New Haven,Pipeline,Total GHG Cost,Transmission Length,,,-5.551115123125783e-17,,,,5.551115123125783e-17,
